Time,SenderName,Sender,TalkerName,Talker,Content
2025-12-24 07:39:28,GODLIKE,huluwa587731,鸿学院短线交流群,24832362572@chatroom,"![图片](http://localhost:5030/image/6d4b69d9e9cc7edd62c5a271c0a300b5,msg\attach\1880bf501b52415609806d60fdc5a343\2025-12\Img\87503a6030476d772267bb2d00691973)"
2025-12-24 07:43:55,無敵小姊姊🥕,fkb_wql,鸿学院短线交流群,24832362572@chatroom,金银都新高了
2025-12-24 07:45:09,芦苇,wxid_v8napafgcead12,鸿学院短线交流群,24832362572@chatroom,"![图片](http://localhost:5030/image/e41f8fd787c35de283858b6080021515,msg\attach\1880bf501b52415609806d60fdc5a343\2025-12\Img\8649b353346684a0ad02945fa1b49f33)"
2025-12-24 07:45:23,芦苇,wxid_v8napafgcead12,鸿学院短线交流群,24832362572@chatroom,"> 芦苇(wxid_v8napafgcead12) 12-24 07:45:08
> ![图片](http://localhost:5030/image/e41f8fd787c35de283858b6080021515)
现货黄金破4500"
2025-12-24 08:03:45,曹兀,caopai1995,鸿学院短线交流群,24832362572@chatroom,[苦涩]黄金都不怎么动，白银铂金涨疯了
2025-12-24 08:03:53,曹兀,caopai1995,鸿学院短线交流群,24832362572@chatroom,我买的主要都是黄金[苦涩]
2025-12-24 08:05:57,Mask,wxid_eeq6xr1xojv522,鸿学院短线交流群,24832362572@chatroom,@曹兀 老宋讲俄罗斯央行开始囤白银那节课就开始买了
2025-12-24 08:06:27,曹兀,caopai1995,鸿学院短线交流群,24832362572@chatroom,老宋不是说白银不如黄金吗，毕竟不属于世界公认货币
2025-12-24 08:06:38,曹兀,caopai1995,鸿学院短线交流群,24832362572@chatroom,卢老师也说主要是买黄金
2025-12-24 08:06:46,曹兀,caopai1995,鸿学院短线交流群,24832362572@chatroom,所以我一直没买银
2025-12-24 08:07:11,Mask,wxid_eeq6xr1xojv522,鸿学院短线交流群,24832362572@chatroom,"> 彩虹恋爱导师曹兀(caopai1995) 12-24 08:06:27
> 老宋不是说白银不如黄金吗，毕竟不属于世界公认货币
但黄金之前已经涨飞了，白银要补涨。"
2025-12-24 08:07:31,龙飞,xiaoxiao091957,鸿学院短线交流群,24832362572@chatroom,涉黄买银赌铂
2025-12-24 08:07:34,Mask,wxid_eeq6xr1xojv522,鸿学院短线交流群,24832362572@chatroom,7块多的时候，白银价格太低了。
2025-12-24 08:08:00,微凉梅子酒,yangxiao312,鸿学院短线交流群,24832362572@chatroom,白银的上去了，黄金这几天也是在补涨的
2025-12-24 08:08:07,微凉梅子酒,yangxiao312,鸿学院短线交流群,24832362572@chatroom,螺旋上升
2025-12-24 08:08:21,Mask,wxid_eeq6xr1xojv522,鸿学院短线交流群,24832362572@chatroom,"> 微凉梅子酒(yangxiao312) 12-24 08:08:00
> 白银的上去了，黄金这几天也是在补涨的
涨幅肯定没有白银多的"
2025-12-24 08:08:33,Mask,wxid_eeq6xr1xojv522,鸿学院短线交流群,24832362572@chatroom,白银什么位置？黄金是什么位置？
2025-12-24 08:08:42,微凉梅子酒,yangxiao312,鸿学院短线交流群,24832362572@chatroom,银有庄，上的快也下的快
2025-12-24 08:08:45,微凉梅子酒,yangxiao312,鸿学院短线交流群,24832362572@chatroom,黄金稳
2025-12-24 08:08:50,微凉梅子酒,yangxiao312,鸿学院短线交流群,24832362572@chatroom,不同的策略
2025-12-24 08:09:06,陈蕊,wxid_e1ucnjs4f4z622,鸿学院短线交流群,24832362572@chatroom,开三个账户，一个放着不动，一个定投，一个操作，看下明年这个时候哪个账户赚得多呀
2025-12-24 08:09:07,微凉梅子酒,yangxiao312,鸿学院短线交流群,24832362572@chatroom,我敢几百万买黄金，但几十万买白银我都不敢
2025-12-24 08:10:51,陈蕊,wxid_e1ucnjs4f4z622,鸿学院短线交流群,24832362572@chatroom,"> 微凉梅子酒(yangxiao312) 12-24 08:09:07
> 我敢几百万买黄金，但几十万买白银我都不敢
对"
2025-12-24 08:11:05,,系统消息,鸿学院短线交流群,24832362572@chatroom,"""Mask"" 撤回了一条消息"
2025-12-24 08:11:06,陈蕊,wxid_e1ucnjs4f4z622,鸿学院短线交流群,24832362572@chatroom,黄金盘大，不容易操作，白银盘小
2025-12-24 08:11:11,Mask,wxid_eeq6xr1xojv522,鸿学院短线交流群,24832362572@chatroom,黄金之前也是有庄的，央行开始买起来，黄金不也涨成现在这样
2025-12-24 08:11:46,微凉梅子酒,yangxiao312,鸿学院短线交流群,24832362572@chatroom,庄能和各国央行比？
2025-12-24 08:12:14,微凉梅子酒,yangxiao312,鸿学院短线交流群,24832362572@chatroom,之前华尔街也尝试狙击黄金 失败了
2025-12-24 08:13:24,Mask,wxid_eeq6xr1xojv522,鸿学院短线交流群,24832362572@chatroom,白银我是吃了个翻倍。
2025-12-24 08:14:17,王迅,wxid_wkp11bmhfqpw22,鸿学院短线交流群,24832362572@chatroom,从35拿到70吗
2025-12-24 08:14:18,微凉梅子酒,yangxiao312,鸿学院短线交流群,24832362572@chatroom,"> 彩虹恋爱导师曹兀(caopai1995) 12-24 08:06:27
> 老宋不是说白银不如黄金吗，毕竟不属于世界公认货币
这话是没错，但是资本市场怎么会是某个人可以完美预测的呢，交易要有自己的思想，谁都不是神，不然宋老师早已是世界首富了[偷笑][偷笑][偷笑]"
2025-12-24 08:14:26,Mask,wxid_eeq6xr1xojv522,鸿学院短线交流群,24832362572@chatroom,"> 王迅(wxid_wkp11bmhfqpw22) 12-24 08:14:17
> 从35拿到70吗
嗯"
2025-12-24 08:14:35,王迅,wxid_wkp11bmhfqpw22,鸿学院短线交流群,24832362572@chatroom,都这么厉害
2025-12-24 08:14:53,Vivi,wxid_vbwpsc3qb03112,鸿学院短线交流群,24832362572@chatroom,"> 微凉梅子酒(yangxiao312) 12-24 08:14:18
> > [引用]
> 这话是没错，但是资本市场怎么会是某个人可以完美预测的呢，交易要有自己的思想，谁都不是神，不然宋老师早已是世界首富了[偷笑][偷笑][偷笑]
你怎么知道他不是[偷笑]"
2025-12-24 08:15:48,微凉梅子酒,yangxiao312,鸿学院短线交流群,24832362572@chatroom,哈哈哈，那课价可能要先涨一百倍[偷笑]
2025-12-24 08:16:27,Vivi,wxid_vbwpsc3qb03112,鸿学院短线交流群,24832362572@chatroom,老师低调[偷笑]
2025-12-24 08:16:46,Vivi,wxid_vbwpsc3qb03112,鸿学院短线交流群,24832362572@chatroom,老师好像在货币战争里面已经讲过白银
2025-12-24 08:17:23,無敵小姊姊🥕,fkb_wql,鸿学院短线交流群,24832362572@chatroom,宋老师说了白银涨幅会大于黄金
2025-12-24 08:17:33,Vivi,wxid_vbwpsc3qb03112,鸿学院短线交流群,24832362572@chatroom,看到书的时候开始买，不过当时知道便宜，渠道也不多，靠谱一点的只有熊猫币
2025-12-24 08:17:40,微凉梅子酒,yangxiao312,鸿学院短线交流群,24832362572@chatroom,交易有时候和分析是两回事。资本市场最终还是看资金
2025-12-24 08:17:59,Vivi,wxid_vbwpsc3qb03112,鸿学院短线交流群,24832362572@chatroom,以前买工行纸白银，才4，元，后来不给玩了
2025-12-24 08:21:19,微凉梅子酒,yangxiao312,鸿学院短线交流群,24832362572@chatroom,看看明年行情吧[偷笑]，争取能抓到新的增长点
2025-12-24 08:22:55,,系统消息,鸿学院短线交流群,24832362572@chatroom,"""易"" 撤回了一条消息"
2025-12-24 08:23:00,易,wxid_g4bzddmgf5bm21,鸿学院短线交流群,24832362572@chatroom,@Vivi 您这猫币买的早，真有眼光[强]
2025-12-24 08:23:17,Mask,wxid_eeq6xr1xojv522,鸿学院短线交流群,24832362572@chatroom,熊猫币得一箱箱买吧
2025-12-24 08:23:30,Mask,wxid_eeq6xr1xojv522,鸿学院短线交流群,24832362572@chatroom,白银不都论公斤买吗？
2025-12-24 08:23:33,Mask,wxid_eeq6xr1xojv522,鸿学院短线交流群,24832362572@chatroom,[捂脸]
2025-12-24 08:23:53,Mask,wxid_eeq6xr1xojv522,鸿学院短线交流群,24832362572@chatroom,还不如买两块板料
2025-12-24 08:24:43,曹兀,caopai1995,鸿学院短线交流群,24832362572@chatroom,熊猫币好出手
2025-12-24 08:24:45,微凉梅子酒,yangxiao312,鸿学院短线交流群,24832362572@chatroom,"> [引用]
一般这样买"
2025-12-24 08:24:51,曹兀,caopai1995,鸿学院短线交流群,24832362572@chatroom,银板料没那么好出吧
2025-12-24 08:24:59,曹兀,caopai1995,鸿学院短线交流群,24832362572@chatroom,熊猫币你只要一挂马上有人要
2025-12-24 08:25:07,曹兀,caopai1995,鸿学院短线交流群,24832362572@chatroom,而且熊猫币有防伪
2025-12-24 08:25:14,Mask,wxid_eeq6xr1xojv522,鸿学院短线交流群,24832362572@chatroom,熊猫币太轻了
2025-12-24 08:25:20,Mask,wxid_eeq6xr1xojv522,鸿学院短线交流群,24832362572@chatroom,得买多少啊
2025-12-24 08:25:23,微凉梅子酒,yangxiao312,鸿学院短线交流群,24832362572@chatroom,熊猫币要买金的吧？银币太轻了吧？
2025-12-24 08:25:43,Mask,wxid_eeq6xr1xojv522,鸿学院短线交流群,24832362572@chatroom,"> 微凉梅子酒(yangxiao312) 12-24 08:25:23
> 熊猫币要买金的吧？银币太轻了吧？
对"
2025-12-24 08:25:50,微凉梅子酒,yangxiao312,鸿学院短线交流群,24832362572@chatroom,"![图片](http://localhost:5030/image/17b905eb3e98c1eb882fc9bb2edb37dd,msg\attach\1880bf501b52415609806d60fdc5a343\2025-12\Img\6aa4f424bb4cc268803f546e3740b46c)"
2025-12-24 08:25:52,微凉梅子酒,yangxiao312,鸿学院短线交流群,24832362572@chatroom,"![图片](http://localhost:5030/image/a64ba6091b5102de9284304b5e34bf82,msg\attach\1880bf501b52415609806d60fdc5a343\2025-12\Img\6833373978dd42c8687e0bbed49b4a49)"
2025-12-24 08:26:10,微凉梅子酒,yangxiao312,鸿学院短线交流群,24832362572@chatroom,我上周六感觉这周金要涨，赶紧买了一个这个
2025-12-24 08:26:52,易,wxid_g4bzddmgf5bm21,鸿学院短线交流群,24832362572@chatroom,"![图片](http://localhost:5030/image/68cc05c49c4a743a55d0e00ba9bc63c0,msg\attach\1880bf501b52415609806d60fdc5a343\2025-12\Img\abcea8fb6d0f900ae7df97d027a52ada)"
2025-12-24 08:27:03,易,wxid_g4bzddmgf5bm21,鸿学院短线交流群,24832362572@chatroom,金币云商的20元一克的猫币都没有货了
2025-12-24 08:27:40,微凉梅子酒,yangxiao312,鸿学院短线交流群,24832362572@chatroom,熊猫币一般大盘价加6块钱
2025-12-24 08:28:09,Vivi,wxid_vbwpsc3qb03112,鸿学院短线交流群,24832362572@chatroom,"> 易(wxid_g4bzddmgf5bm21) 12-24 08:23:00
> @Vivi 您这猫币买的早，真有眼光[强]
当时还看了吉姆罗杰斯的书，也是说投资白银。但问题是没有地方存放。当时给我妈放起来。现在不知去哪儿了[破涕为笑]"
2025-12-24 08:28:55,微凉梅子酒,yangxiao312,鸿学院短线交流群,24832362572@chatroom,主要银没涨起来之前，银的销售价跟回收价差挺多的，不合算
2025-12-24 08:29:13,Vivi,wxid_vbwpsc3qb03112,鸿学院短线交流群,24832362572@chatroom,很多，所以当时买工行纸白银
2025-12-24 08:29:56,Vivi,wxid_vbwpsc3qb03112,鸿学院短线交流群,24832362572@chatroom,"> 微凉梅子酒(yangxiao312) 12-24 08:28:55
> 主要银没涨起来之前，银的销售价跟回收价差挺多的，不合算
没记错差价差不多有1元，白银才4元当时"
2025-12-24 08:30:20,Vivi,wxid_vbwpsc3qb03112,鸿学院短线交流群,24832362572@chatroom,可惜工行当时纸白银没拿住，哈哈。涨了几元就卖了
2025-12-24 08:30:26,曹兀,caopai1995,鸿学院短线交流群,24832362572@chatroom,纸白银买卖点差1块啊？
2025-12-24 08:30:36,Vivi,wxid_vbwpsc3qb03112,鸿学院短线交流群,24832362572@chatroom,"> 彩虹恋爱导师曹兀(caopai1995) 12-24 08:30:26
> 纸白银买卖点差1块啊？
实物白银"
2025-12-24 08:30:41,Vivi,wxid_vbwpsc3qb03112,鸿学院短线交流群,24832362572@chatroom,20年前
2025-12-24 08:31:07,Vivi,wxid_vbwpsc3qb03112,鸿学院短线交流群,24832362572@chatroom,反正算过买实物投资跟当冤大头差不多
2025-12-24 08:31:18,Vivi,wxid_vbwpsc3qb03112,鸿学院短线交流群,24832362572@chatroom,又不认识原料商
2025-12-24 08:31:53,Vivi,wxid_vbwpsc3qb03112,鸿学院短线交流群,24832362572@chatroom,所以就买了猫币，猫币其实也溢价很多，所以当收藏品买也没买多少
2025-12-24 08:34:34,易,wxid_g4bzddmgf5bm21,鸿学院短线交流群,24832362572@chatroom,@Vivi 开始猫币最便宜多钱
2025-12-24 08:35:18,曹兀,caopai1995,鸿学院短线交流群,24832362572@chatroom,100多一个
2025-12-24 08:35:25,曹兀,caopai1995,鸿学院短线交流群,24832362572@chatroom,现在530
2025-12-24 08:38:00,微凉梅子酒,yangxiao312,鸿学院短线交流群,24832362572@chatroom,买纸黄金，纸白银就是这样，跟实物不一样，拿不住。你有一定获利了，你可能就想走了，怕跌。实物有时候你就反正满放着，放着放着反而能吃到大头
2025-12-24 08:38:39,聂雅珣,nieyaxun,鸿学院短线交流群,24832362572@chatroom,哪位大佬有黄金白银最新的租借利率啊？
2025-12-24 08:38:50,聂雅珣,nieyaxun,鸿学院短线交流群,24832362572@chatroom,看看有没有挤兑
2025-12-24 08:39:15,曹兀,caopai1995,鸿学院短线交流群,24832362572@chatroom,实物确实不好出，你就会留着
2025-12-24 08:39:49,Vivi,wxid_vbwpsc3qb03112,鸿学院短线交流群,24832362572@chatroom,"> 易(wxid_g4bzddmgf5bm21) 12-24 08:34:34
> @Vivi 开始猫币最便宜多钱
一百多。但有些年份久远稀缺的当时也可以卖到好几百一个"
2025-12-24 08:41:15,易,wxid_g4bzddmgf5bm21,鸿学院短线交流群,24832362572@chatroom,现在看真是合适啊
2025-12-24 08:41:44,Vivi,wxid_vbwpsc3qb03112,鸿学院短线交流群,24832362572@chatroom,"> 微凉梅子酒(yangxiao312) 12-24 08:38:00
> 买纸黄金，纸白银就是这样，跟实物不一样，拿不住。你有一定获利了，你可能就想走了，怕跌。实物有时候你就反正满放着，放着放着反而能吃到大头
是啊。所以要把实物放在又远拿又麻烦的地方，不想动[破涕为笑]"
2025-12-24 08:42:17,易,wxid_g4bzddmgf5bm21,鸿学院短线交流群,24832362572@chatroom,@彩虹恋爱导师曹兀 你买的那家闲鱼猫币价格多少了
2025-12-24 08:42:25,,系统消息,鸿学院短线交流群,24832362572@chatroom,"""易"" 撤回了一条消息"
2025-12-24 08:42:36,易,wxid_g4bzddmgf5bm21,鸿学院短线交流群,24832362572@chatroom,也530了吗
2025-12-24 08:44:14,芦苇,wxid_v8napafgcead12,鸿学院短线交流群,24832362572@chatroom,今天是最后一波上涨了吗？
2025-12-24 08:45:16,Mars敏,wxid_1sn0mvh76lxu11,鸿学院短线交流群,24832362572@chatroom,今明两天国外不是休市吗
2025-12-24 08:45:50,芦苇,wxid_v8napafgcead12,鸿学院短线交流群,24832362572@chatroom,好像昨天晚上2点  纽约期货盘休市了
2025-12-24 08:46:02,,系统消息,鸿学院短线交流群,24832362572@chatroom,"""芦苇"" 撤回了一条消息"
2025-12-24 08:46:24,芦苇,wxid_v8napafgcead12,鸿学院短线交流群,24832362572@chatroom,"> 芦苇(wxid_v8napafgcead12) 12-24 08:45:50
> 好像昨天晚上2点  纽约期货盘休市了
凌晨2点左右"
2025-12-24 08:47:03,Mars敏,wxid_1sn0mvh76lxu11,鸿学院短线交流群,24832362572@chatroom,伦敦呢
2025-12-24 08:47:17,Mars敏,wxid_1sn0mvh76lxu11,鸿学院短线交流群,24832362572@chatroom,comex停了
2025-12-24 08:47:24,Mars敏,wxid_1sn0mvh76lxu11,鸿学院短线交流群,24832362572@chatroom,伦敦还在
2025-12-24 08:47:57,芦苇,wxid_v8napafgcead12,鸿学院短线交流群,24832362572@chatroom,但是伦敦一直开盘中，打错字
2025-12-24 08:50:33,曹兀,caopai1995,鸿学院短线交流群,24832362572@chatroom,"> 易(wxid_g4bzddmgf5bm21) 12-24 08:42:17
> @彩虹恋爱导师曹兀 你买的那家闲鱼猫币价格多少了
现在30克都500多了"
2025-12-24 08:50:45,曹兀,caopai1995,鸿学院短线交流群,24832362572@chatroom,有防伪盒子的要加30以上
2025-12-24 08:53:14,易,wxid_g4bzddmgf5bm21,鸿学院短线交流群,24832362572@chatroom,那你这也赚到了
2025-12-24 08:59:02,Vivi,wxid_vbwpsc3qb03112,鸿学院短线交流群,24832362572@chatroom,"![图片](http://localhost:5030/image/2ac58cf6b97d67ec15874ecdc69754d2,msg\attach\1880bf501b52415609806d60fdc5a343\2025-12\Img\2f01235e02433304d1c6e9aae86d02c2)"
2025-12-24 08:59:10,Vivi,wxid_vbwpsc3qb03112,鸿学院短线交流群,24832362572@chatroom,金币云商又断货了[偷笑]
2025-12-24 08:59:46,微凉梅子酒,yangxiao312,鸿学院短线交流群,24832362572@chatroom,"![图片](http://localhost:5030/image/d9ebb47981b032872869d07b1db0c434,msg\attach\1880bf501b52415609806d60fdc5a343\2025-12\Img\19ef8ea66180cab753f6a2364e557e9a)"
2025-12-24 08:59:54,微凉梅子酒,yangxiao312,鸿学院短线交流群,24832362572@chatroom,这个铜还挺重的，是不是还可以卖点钱[偷笑]
2025-12-24 09:00:25,Vivi,wxid_vbwpsc3qb03112,鸿学院短线交流群,24832362572@chatroom,先藏着[偷笑]
2025-12-24 09:01:09,,"<msg><appmsg appid="""" sdkver=""0""><title>@微凉梅子酒 上面的是金的，是吗</title><des></des><action></action><type>57</type><showtype>0</showtype><soundtype>0</soundtype><mediatagname></mediatagname><messageext></messageext><messageaction></messageaction><content></content><contentattr>0</contentattr><url></url><lowurl></lowurl><dataurl></dataurl><lowdataurl></lowdataurl><songalbumurl></songalbumurl><songlyric></songlyric><template_id></template_id><appattach><totallen>0</totallen><attachid></attachid><emoticonmd5></emoticonmd5><fileext></fileext><aeskey></aeskey></appattach><extinfo></extinfo><sourceusername></sourceusername><sourcedisplayname></sourcedisplayname><thumburl></thumburl><md5></md5><statextstr></statextstr><refermsg><content>yangxiao312",鸿学院短线交流群,24832362572@chatroom,[引用]
2025-12-24 09:01:12,芦苇,wxid_v8napafgcead12,鸿学院短线交流群,24832362572@chatroom,"> 微凉梅子酒(yangxiao312) 12-24 08:59:46
> ![图片](http://localhost:5030/image/d9ebb47981b032872869d07b1db0c434)
这是黄铜吧"
2025-12-24 09:01:50,微凉梅子酒,yangxiao312,鸿学院短线交流群,24832362572@chatroom,"> 微凉梅子酒(yangxiao312) 12-24 08:25:49
> ![图片](http://localhost:5030/image/17b905eb3e98c1eb882fc9bb2edb37dd)
是啊，快递刚刚到，就分享下[偷笑]"
2025-12-24 09:02:14,微凉梅子酒,yangxiao312,鸿学院短线交流群,24832362572@chatroom,铜真是买不了实物，太重了
2025-12-24 09:02:25,,wxid_az1b2y23mssh21,鸿学院短线交流群,24832362572@chatroom,[强]
2025-12-24 09:03:05,易,wxid_g4bzddmgf5bm21,鸿学院短线交流群,24832362572@chatroom,@微凉梅子酒 这个金虎摆件多钱一克
2025-12-24 09:04:52,微凉梅子酒,yangxiao312,鸿学院短线交流群,24832362572@chatroom,中行官网是12万3，我周六9万9买的
2025-12-24 09:05:17,微凉梅子酒,yangxiao312,鸿学院短线交流群,24832362572@chatroom,一百克
2025-12-24 09:06:02,芦苇,wxid_v8napafgcead12,鸿学院短线交流群,24832362572@chatroom,可以的，拿实物最好，不会被震出来
2025-12-24 09:06:38,微凉梅子酒,yangxiao312,鸿学院短线交流群,24832362572@chatroom,无所谓啦，正常也不会去卖，半投资半喜好
2025-12-24 09:07:08,奥利奥,wxid_1srslg6ifs8b22,鸿学院短线交流群,24832362572@chatroom,"![图片](http://localhost:5030/image/7d30a77a01a47f4526b3006ddb4860d1,msg\attach\1880bf501b52415609806d60fdc5a343\2025-12\Img\e8eec1cce6a8de776620cfe329e36d86)"
2025-12-24 09:07:15,奥利奥,wxid_1srslg6ifs8b22,鸿学院短线交流群,24832362572@chatroom,日元carry trade后果来了
2025-12-24 09:08:11,芦苇,wxid_v8napafgcead12,鸿学院短线交流群,24832362572@chatroom,"> 彩虹恋爱导师曹兀(caopai1995) 12-24 08:06:27
> 老宋不是说白银不如黄金吗，毕竟不属于世界公认货币
规律变了，10月份 印度这一波，把伦敦的白银给掀了个老底"
2025-12-24 09:08:26,王迅,wxid_wkp11bmhfqpw22,鸿学院短线交流群,24832362572@chatroom,"> 微凉梅子酒(yangxiao312) 12-24 08:59:46
> ![图片](http://localhost:5030/image/d9ebb47981b032872869d07b1db0c434)
我喜欢这个可以给个链接吗"
2025-12-24 09:08:32,王迅,wxid_wkp11bmhfqpw22,鸿学院短线交流群,24832362572@chatroom,@微凉梅子酒 
2025-12-24 09:08:59,微凉梅子酒,yangxiao312,鸿学院短线交流群,24832362572@chatroom,中国工商银行app里，有个实物贵金属板块可以买
2025-12-24 09:09:09,王迅,wxid_wkp11bmhfqpw22,鸿学院短线交流群,24832362572@chatroom,行
2025-12-24 09:09:11,王迅,wxid_wkp11bmhfqpw22,鸿学院短线交流群,24832362572@chatroom,谢谢
2025-12-24 09:09:50,此时正当时,wxid_99xhz8ex6wtq22,鸿学院短线交流群,24832362572@chatroom,"> 奥利奥(wxid_1srslg6ifs8b22) 12-24 09:07:08
> ![图片](http://localhost:5030/image/7d30a77a01a47f4526b3006ddb4860d1)
大佬，日元套利交易要开始反转了吗？"
2025-12-24 09:10:03,奥利奥,wxid_1srslg6ifs8b22,鸿学院短线交流群,24832362572@chatroom,一直都在反转啊
2025-12-24 09:10:14,奥利奥,wxid_1srslg6ifs8b22,鸿学院短线交流群,24832362572@chatroom,今年一年利差都在收窄
2025-12-24 09:10:23,奥利奥,wxid_1srslg6ifs8b22,鸿学院短线交流群,24832362572@chatroom,只是昨天利差突然跳升
2025-12-24 09:10:36,奥利奥,wxid_1srslg6ifs8b22,鸿学院短线交流群,24832362572@chatroom,然后全球商品都在暴涨
2025-12-24 09:10:47,奥利奥,wxid_1srslg6ifs8b22,鸿学院短线交流群,24832362572@chatroom,所以可能是长端国债都被抛售
2025-12-24 09:10:51,奥利奥,wxid_1srslg6ifs8b22,鸿学院短线交流群,24832362572@chatroom,然后换商品
2025-12-24 09:10:57,奥利奥,wxid_1srslg6ifs8b22,鸿学院短线交流群,24832362572@chatroom,这是我的猜想
2025-12-24 09:11:27,奥利奥,wxid_1srslg6ifs8b22,鸿学院短线交流群,24832362572@chatroom,昨天黄白本来要调整
2025-12-24 09:11:32,奥利奥,wxid_1srslg6ifs8b22,鸿学院短线交流群,24832362572@chatroom,硬生生被顶上去
2025-12-24 09:11:56,此时正当时,wxid_99xhz8ex6wtq22,鸿学院短线交流群,24832362572@chatroom,有没有可能是节假日得影响
2025-12-24 09:12:22,奥利奥,wxid_1srslg6ifs8b22,鸿学院短线交流群,24832362572@chatroom,节假日不是跌吗
2025-12-24 09:14:12,奥利奥,wxid_1srslg6ifs8b22,鸿学院短线交流群,24832362572@chatroom,"全球“影子银行”体系的流动性挤兑
你关注的 TONA 和 SOFR 是回购市场和非银金融机构最依赖的底层价格。

后果： 利差的快速波动会导致跨货币掉期（Cross-Currency Basis Swaps）成本飙升。对于那些依赖日元廉价融资来支撑杠杆套利的“影子银行”机构，这可能引发保证金通知（Margin Calls）和强制平仓，VIX 波动率指数通常会随之大幅跳升。"
2025-12-24 09:14:21,奥利奥,wxid_1srslg6ifs8b22,鸿学院短线交流群,24832362572@chatroom,gemini解释
2025-12-24 09:18:16,二月半·妈妈不让我和傻子说话,wxid_76gxa4814bjk41,鸿学院短线交流群,24832362572@chatroom,"> 微凉梅子酒(yangxiao312) 12-24 09:02:14
> 铜真是买不了实物，太重了
家门口照人铸个鼎，再弄俩铜狮子"
2025-12-24 09:20:49,微凉梅子酒,yangxiao312,鸿学院短线交流群,24832362572@chatroom,国庆前想屯实物铜，铜便宜，随便买都是几十吨[捂脸]，仓储更贵
2025-12-24 09:20:51,Vivi,wxid_vbwpsc3qb03112,鸿学院短线交流群,24832362572@chatroom,"> 二月半·妈妈不让我和傻子说话(wxid_76gxa4814bjk41) 12-24 09:18:16
> > [引用]
> 家门口照人铸个鼎，再弄俩铜狮子
最里面再包个金。想弄走都不容易"
2025-12-24 09:20:54,林捷-金银多,xiamenking,鸿学院短线交流群,24832362572@chatroom,家里家具全扔了，用纯银的打一套桌椅床柜子，藏富于家具。小偷来了未必看得出来[破涕为笑]
2025-12-24 09:21:56,Vivi,wxid_vbwpsc3qb03112,鸿学院短线交流群,24832362572@chatroom,"> 林捷-金银多(xiamenking) 12-24 09:20:54
> 家里家具全扔了，用纯银的打一套桌椅床柜子，藏富于家具。小偷来了未必看得出来[破涕为笑]
这个就怕家里人不识货卖了[偷笑]"
2025-12-24 09:22:04,二月半·妈妈不让我和傻子说话,wxid_76gxa4814bjk41,鸿学院短线交流群,24832362572@chatroom,"> Vivi(wxid_vbwpsc3qb03112) 12-24 09:20:51
> > [引用]
> 最里面再包个金。想弄走都不容易
好主意"
2025-12-24 09:22:37,，健,wxid_l8xh4adyc3vc22,鸿学院短线交流群,24832362572@chatroom,现在有卖金包银，可以买这个
2025-12-24 09:22:57,二月半·妈妈不让我和傻子说话,wxid_76gxa4814bjk41,鸿学院短线交流群,24832362572@chatroom,以后买银包金
2025-12-24 09:23:02,二月半·妈妈不让我和傻子说话,wxid_76gxa4814bjk41,鸿学院短线交流群,24832362572@chatroom,铜包银
2025-12-24 09:23:19,微凉梅子酒,yangxiao312,鸿学院短线交流群,24832362572@chatroom,哈哈，我最近还在看保险箱，好像集宝好一些
2025-12-24 09:23:24,双鱼,BICKHUANG,鸿学院短线交流群,24832362572@chatroom,我的gpt和gemini基本聊个3天左右都会断片，总是忘记前面的规则，大家有没有碰到？
2025-12-24 09:23:51,二月半·妈妈不让我和傻子说话,wxid_76gxa4814bjk41,鸿学院短线交流群,24832362572@chatroom,虎牌也不错
2025-12-24 09:23:57,Vivi,wxid_vbwpsc3qb03112,鸿学院短线交流群,24832362572@chatroom,"> 微凉梅子酒(yangxiao312) 12-24 09:23:19
> 哈哈，我最近还在看保险箱，好像集宝好一些
虎牌好像也不错"
2025-12-24 09:24:44,芦苇,wxid_v8napafgcead12,鸿学院短线交流群,24832362572@chatroom,"> 微凉梅子酒(yangxiao312) 12-24 09:20:49
> 国庆前想屯实物铜，铜便宜，随便买都是几十吨[捂脸]，仓储更贵
实物铜，自建房一层可以，一吨铜很大体积"
2025-12-24 09:25:17,，健,wxid_l8xh4adyc3vc22,鸿学院短线交流群,24832362572@chatroom,以后新人结婚不买金了，估计要去租了，租金业务不错[坏笑]
2025-12-24 09:25:19,Vivi,wxid_vbwpsc3qb03112,鸿学院短线交流群,24832362572@chatroom,我娃班上有个富二代，把妈的手势拿回学校送了个同学，同学妈妈发信息给富二代妈妈。富二代妈妈才发现首饰被拿了，后来都放保险箱了[破涕为笑]
2025-12-24 09:25:27,Vivi,wxid_vbwpsc3qb03112,鸿学院短线交流群,24832362572@chatroom,首饰
2025-12-24 09:25:32,林捷-金银多,xiamenking,鸿学院短线交流群,24832362572@chatroom,@Vivi 确实是
2025-12-24 09:25:55,我不吃肉_🥩,wxid_1780167803011,鸿学院短线交流群,24832362572@chatroom,整点铜？
2025-12-24 09:26:02,我不吃肉_🥩,wxid_1780167803011,鸿学院短线交流群,24832362572@chatroom,铜锭？
2025-12-24 09:26:10,我不吃肉_🥩,wxid_1780167803011,鸿学院短线交流群,24832362572@chatroom,铜线！
2025-12-24 09:26:14,Vivi,wxid_vbwpsc3qb03112,鸿学院短线交流群,24832362572@chatroom,"> ，健(wxid_l8xh4adyc3vc22) 12-24 09:25:17
> 以后新人结婚不买金了，估计要去租了，租金业务不错[坏笑]
用仿的就好，哈哈。"
2025-12-24 09:26:22,芦苇,wxid_v8napafgcead12,鸿学院短线交流群,24832362572@chatroom,"> 微凉梅子酒(yangxiao312) 12-24 09:20:49
> 国庆前想屯实物铜，铜便宜，随便买都是几十吨[捂脸]，仓储更贵
实物铜我觉得还是算了，几十吨要一个小货场"
2025-12-24 09:26:45,芦苇,wxid_v8napafgcead12,鸿学院短线交流群,24832362572@chatroom,铜锭一块一百多斤
2025-12-24 09:26:45,二月半·妈妈不让我和傻子说话,wxid_76gxa4814bjk41,鸿学院短线交流群,24832362572@chatroom,"> Vivi(wxid_vbwpsc3qb03112) 12-24 09:25:19
> 我娃班上有个富二代，把妈的手势拿回学校送了个同学，同学妈妈发信息给富二代妈妈。富二代妈妈才发现首饰被拿了，后来都放保险箱了[破涕为笑]
我上小学时有个同学卖给我一堆邮票，还有文革票"
2025-12-24 09:26:46,林捷-金银多,xiamenking,鸿学院短线交流群,24832362572@chatroom,保险箱其实最不保险，只能作为一个诱饵，放点小值钱的东西吸引火力
2025-12-24 09:27:03,二月半·妈妈不让我和傻子说话,wxid_76gxa4814bjk41,鸿学院短线交流群,24832362572@chatroom,我天天饿着把零花钱都换邮票了
2025-12-24 09:27:06,Vivi,wxid_vbwpsc3qb03112,鸿学院短线交流群,24832362572@chatroom,"> 林捷-金银多(xiamenking) 12-24 09:26:46
> 保险箱其实最不保险，只能作为一个诱饵，放点小值钱的东西吸引火力
所以不用买太贵[破涕为笑]"
2025-12-24 09:27:18,林捷-金银多,xiamenking,鸿学院短线交流群,24832362572@chatroom,对的
2025-12-24 09:27:21,二月半·妈妈不让我和傻子说话,wxid_76gxa4814bjk41,鸿学院短线交流群,24832362572@chatroom,长大后想是不是他偷出来的啊[Emm]
2025-12-24 09:27:28,林捷-金银多,xiamenking,鸿学院短线交流群,24832362572@chatroom,要买好撬开的
2025-12-24 09:27:57,Vivi,wxid_vbwpsc3qb03112,鸿学院短线交流群,24832362572@chatroom,"> 林捷-金银多(xiamenking) 12-24 09:27:28
> 要买好撬开的
这贴心服务"
2025-12-24 09:28:16,Vivi,wxid_vbwpsc3qb03112,鸿学院短线交流群,24832362572@chatroom,"> 二月半·妈妈不让我和傻子说话(wxid_76gxa4814bjk41) 12-24 09:27:21
> 长大后想是不是他偷出来的啊[Emm]
哈哈哈哈"
2025-12-24 09:28:45,微凉梅子酒,yangxiao312,鸿学院短线交流群,24832362572@chatroom,集宝的很重啊，也搬不走，很难撬
2025-12-24 09:29:08,Vivi,wxid_vbwpsc3qb03112,鸿学院短线交流群,24832362572@chatroom,"> 二月半·妈妈不让我和傻子说话(wxid_76gxa4814bjk41) 12-24 09:26:45
> > [引用]
> 我上小学时有个同学卖给我一堆邮票，还有文革票
从小就这么识货，你不赚钱谁赚钱[偷笑]"
2025-12-24 09:29:44,易,wxid_g4bzddmgf5bm21,鸿学院短线交流群,24832362572@chatroom,@二月半·妈妈不让我和傻子说话 原来你这是从小就是投资小达人啊啊[呲牙]
2025-12-24 09:30:02,易,wxid_g4bzddmgf5bm21,鸿学院短线交流群,24832362572@chatroom,投资要从娃娃抓起[强][强]
2025-12-24 09:30:41,Vivi,wxid_vbwpsc3qb03112,鸿学院短线交流群,24832362572@chatroom,姐靠的是天赋[偷笑]
2025-12-24 09:31:02,易,wxid_g4bzddmgf5bm21,鸿学院短线交流群,24832362572@chatroom,真是呢投资真是有天赋因素
2025-12-24 09:31:22,我不吃肉_🥩,wxid_1780167803011,鸿学院短线交流群,24832362572@chatroom,首先要学好数理化
2025-12-24 09:31:38,易,wxid_g4bzddmgf5bm21,鸿学院短线交流群,24832362572@chatroom,跟群里的朋友比，我都要钻进地缝了，太害羞了，真是一点投资理念都没有
2025-12-24 09:31:47,Vivi,wxid_vbwpsc3qb03112,鸿学院短线交流群,24832362572@chatroom,天赋+后天技能学习
2025-12-24 09:32:13,Vivi,wxid_vbwpsc3qb03112,鸿学院短线交流群,24832362572@chatroom,我也没，所以只可以长线拿[破涕为笑]
2025-12-24 09:32:23,Vivi,wxid_vbwpsc3qb03112,鸿学院短线交流群,24832362572@chatroom,短线估计得做韭菜
2025-12-24 09:32:40,林捷-金银多,xiamenking,鸿学院短线交流群,24832362572@chatroom,@二月半·妈妈不让我和傻子说话 你可以用你的画换他邮票[呲牙]
2025-12-24 09:34:26,二月半·妈妈不让我和傻子说话,wxid_76gxa4814bjk41,鸿学院短线交流群,24832362572@chatroom,那是你没见我买的那堆破铜烂铁
2025-12-24 09:35:43,Vivi,wxid_vbwpsc3qb03112,鸿学院短线交流群,24832362572@chatroom,国投白银又停牌了，湖南白银等国投停牌才涨[破涕为笑]
2025-12-24 09:38:11,微凉梅子酒,yangxiao312,鸿学院短线交流群,24832362572@chatroom,这要是黄金就发财了
2025-12-24 09:38:12,微凉梅子酒,yangxiao312,鸿学院短线交流群,24832362572@chatroom,"![图片](http://localhost:5030/image/98645e9bf6d7f8d253627bc034c2fe45,msg\attach\1880bf501b52415609806d60fdc5a343\2025-12\Img\19a3016586f166e3ca3fdfee9c200615)"
2025-12-24 09:38:13,微凉梅子酒,yangxiao312,鸿学院短线交流群,24832362572@chatroom,"![图片](http://localhost:5030/image/bd231a35867a253a90ae3fdf38b96257,msg\attach\1880bf501b52415609806d60fdc5a343\2025-12\Img\cbf4c9f28f9d521d486b544df74abaa7)"
2025-12-24 09:46:15,芦苇,wxid_v8napafgcead12,鸿学院短线交流群,24832362572@chatroom,"![图片](http://localhost:5030/image/ee140c2c5d3d35467cba5f9115778ca9,msg\attach\1880bf501b52415609806d60fdc5a343\2025-12\Img\ef38fc7ffd04d752ee712b9dec1f2980)"
2025-12-24 09:49:25,三月半·老了卖你保健品,wxid_358m71i5uuvz22,鸿学院短线交流群,24832362572@chatroom,"![图片](http://localhost:5030/image/685a7aa0656fecbf34b82d920c2a58c7,msg\attach\1880bf501b52415609806d60fdc5a343\2025-12\Img\6f5ce57322f5d8663b27a2fe74c8095d)"
2025-12-24 09:49:35,三月半·老了卖你保健品,wxid_358m71i5uuvz22,鸿学院短线交流群,24832362572@chatroom,@二月半·妈妈不让我和傻子说话 姐 我又买了个如意
2025-12-24 09:49:37,三月半·老了卖你保健品,wxid_358m71i5uuvz22,鸿学院短线交流群,24832362572@chatroom,[呲牙]
2025-12-24 09:51:03,青禾生露,fusai901212,鸿学院短线交流群,24832362572@chatroom,现在人民币不是涨的厉害吗
2025-12-24 09:52:47,芦苇,wxid_v8napafgcead12,鸿学院短线交流群,24832362572@chatroom,"> 青禾生露(fusai901212) 12-24 09:51:03
> 现在人民币不是涨的厉害吗
加息原理，课程是以美元为例子，对应的是最近的 日元加息"
2025-12-24 09:55:01,三角形戒,P1322635145,鸿学院短线交流群,24832362572@chatroom,"> 微凉梅子酒(yangxiao312) 12-24 09:38:12
> ![图片](http://localhost:5030/image/98645e9bf6d7f8d253627bc034c2fe45)
这哪个渠道买的啊？我看工行app上没有呀"
2025-12-24 09:55:07,三角形戒,P1322635145,鸿学院短线交流群,24832362572@chatroom,@微凉梅子酒 
2025-12-24 09:56:18,芦苇,wxid_v8napafgcead12,鸿学院短线交流群,24832362572@chatroom,"![图片](http://localhost:5030/image/50ce4b55e06b82da2840213cc3a3fa3c,msg\attach\1880bf501b52415609806d60fdc5a343\2025-12\Img\ce0af02e8f6e2342e1b0b63248f3b4cf)"
2025-12-24 09:56:31,芦苇,wxid_v8napafgcead12,鸿学院短线交流群,24832362572@chatroom,"> 芦苇(wxid_v8napafgcead12) 12-24 09:56:15
> ![图片](http://localhost:5030/image/50ce4b55e06b82da2840213cc3a3fa3c)
来源于 宋老师 微课堂"
2025-12-24 09:56:39,芦苇,wxid_v8napafgcead12,鸿学院短线交流群,24832362572@chatroom,"> 芦苇(wxid_v8napafgcead12) 12-24 09:46:12
> ![图片](http://localhost:5030/image/ee140c2c5d3d35467cba5f9115778ca9)
来源于 核心课"
2025-12-24 09:57:07,微凉梅子酒,yangxiao312,鸿学院短线交流群,24832362572@chatroom,"> 三角形戒(P1322635145) 12-24 09:55:01
> > [引用]
> 这哪个渠道买的啊？我看工行app上没有呀
别人送的，我也不知道"
2025-12-24 09:57:13,微凉梅子酒,yangxiao312,鸿学院短线交流群,24832362572@chatroom,防身用
2025-12-24 09:59:01,教务鸿老师,wxid_j4xdfdmig9j022,鸿学院短线交流群,24832362572@chatroom,@芦苇 核心课总结不要往群内发，微课堂可以。
2025-12-24 09:59:27,,系统消息,鸿学院短线交流群,24832362572@chatroom,"""芦苇"" 撤回了一条消息"
2025-12-24 09:59:45,芦苇,wxid_v8napafgcead12,鸿学院短线交流群,24832362572@chatroom,"> 教务鸿老师(wxid_j4xdfdmig9j022) 12-24 09:59:01
> @芦苇 核心课总结不要往群内发，微课堂可以。
好的"
2025-12-24 10:15:40,微凉梅子酒,yangxiao312,鸿学院短线交流群,24832362572@chatroom,有点想买沪银的看跌期权
2025-12-24 10:15:56,,wxid_az1b2y23mssh21,鸿学院短线交流群,24832362572@chatroom,@微凉梅子酒 买，我看好你
2025-12-24 10:16:06,,wxid_az1b2y23mssh21,鸿学院短线交流群,24832362572@chatroom,靠你打下来了
2025-12-24 10:16:44,，健,wxid_l8xh4adyc3vc22,鸿学院短线交流群,24832362572@chatroom,没买过，看着像股票[吃瓜]
2025-12-24 10:18:50,奥利奥,wxid_1srslg6ifs8b22,鸿学院短线交流群,24832362572@chatroom,"![图片](http://localhost:5030/image/35e205f81b8773ff6f5da1993454f70e,msg\attach\1880bf501b52415609806d60fdc5a343\2025-12\Img\135e8402fe2e6c8f4aa6e41e5cd1b0a7)"
2025-12-24 10:18:53,奥利奥,wxid_1srslg6ifs8b22,鸿学院短线交流群,24832362572@chatroom,SLV去库了
2025-12-24 10:19:01,奥利奥,wxid_1srslg6ifs8b22,鸿学院短线交流群,24832362572@chatroom,对的上昨天的砸盘
2025-12-24 10:24:29,老兵,wxid_cqw67pl0j53s21,鸿学院短线交流群,24832362572@chatroom,昨天不算砸盘吧
2025-12-24 10:24:56,無敵小姊姊🥕,fkb_wql,鸿学院短线交流群,24832362572@chatroom,算吧
2025-12-24 10:25:08,芦苇,wxid_v8napafgcead12,鸿学院短线交流群,24832362572@chatroom,不算
2025-12-24 10:25:10,無敵小姊姊🥕,fkb_wql,鸿学院短线交流群,24832362572@chatroom,不是砸盘不会这样跌
2025-12-24 10:25:24,無敵小姊姊🥕,fkb_wql,鸿学院短线交流群,24832362572@chatroom,一瞬间掉下来
2025-12-24 10:25:44,微凉梅子酒,yangxiao312,鸿学院短线交流群,24832362572@chatroom,可惜这些数据是滞后的 指导不了交易
2025-12-24 10:26:03,目标是人机好猎手的苟活天命,youlian494847,鸿学院短线交流群,24832362572@chatroom,"> 二月半·妈妈不让我和傻子说话(wxid_76gxa4814bjk41) 12-24 09:22:57
> 以后买银包金
干脆做个木包金得了，直接藏家里床柱里"
2025-12-24 10:26:24,目标是人机好猎手的苟活天命,youlian494847,鸿学院短线交流群,24832362572@chatroom,"> 三月半·老了卖你保健品(wxid_358m71i5uuvz22) 12-24 09:49:25
> ![图片](http://localhost:5030/image/685a7aa0656fecbf34b82d920c2a58c7)
我去，好闪亮"
2025-12-24 10:26:28,王迅,wxid_wkp11bmhfqpw22,鸿学院短线交流群,24832362572@chatroom,金包木吧
2025-12-24 10:26:45,陈更,jeffchen98241,鸿学院短线交流群,24832362572@chatroom,@芦苇 你的笔记格式做真好 就是EXCEL表格自己调格式？
2025-12-24 10:29:44,芦苇,wxid_v8napafgcead12,鸿学院短线交流群,24832362572@chatroom,"> 陈更(jeffchen98241) 12-24 10:26:45
> @芦苇 你的笔记格式做真好 就是EXCEL表格自己调格式？
小白，不太会用excel，凑合着用，不是我好，是宋老师的课程好，我也只能理解部分"
2025-12-24 10:30:52,GODLIKE,huluwa587731,鸿学院短线交流群,24832362572@chatroom,"![图片](http://localhost:5030/image/e1c252ea37e792493008874756cd21ba,msg\attach\1880bf501b52415609806d60fdc5a343\2025-12\Img\d32f0f5c4b3b79cd3e35b860740a7ec2)"
2025-12-24 10:30:58,GODLIKE,huluwa587731,鸿学院短线交流群,24832362572@chatroom,开盘直接涨停，
2025-12-24 10:31:05,GODLIKE,huluwa587731,鸿学院短线交流群,24832362572@chatroom,![动画表情](http://vweixinf.tc.qq.com/110/20401/stodownload?m=3e3dc703e9537cc7f2bc39dd39655400&filekey=3043020101042f302d02016e04025348042033653364633730336539353337636337663262633339646433393635353430300202643d040d00000004627466730000000132&hy=SH&storeid=265a1086d000cc8e1635ca0e10000006e01004fb15348175c71715665802c7&ef=1&bizid=1022)
2025-12-24 10:31:33,陈更,jeffchen98241,鸿学院短线交流群,24832362572@chatroom,![动画表情](http://vweixinf.tc.qq.com/110/20401/stodownload?m=3e3dc703e9537cc7f2bc39dd39655400&filekey=3043020101042f302d02016e04025348042033653364633730336539353337636337663262633339646433393635353430300202643d040d00000004627466730000000132&hy=SH&storeid=265a1086d000cc8e1635ca0e10000006e01004fb15348175c71715665802c7&ef=1&bizid=1022)
2025-12-24 10:31:35,目标是人机好猎手的苟活天命,youlian494847,鸿学院短线交流群,24832362572@chatroom,"> GODLIKE(huluwa587731) 12-24 10:30:52
> ![图片](http://localhost:5030/image/e1c252ea37e792493008874756cd21ba)
疯了"
2025-12-24 10:32:14,GODLIKE,huluwa587731,鸿学院短线交流群,24832362572@chatroom,昨天挂涨停没买进去，今天买进了点。
2025-12-24 10:35:18,努力学习的阿呆,wxid_cu9riocf8ea022,鸿学院短线交流群,24832362572@chatroom,太有实力啦
2025-12-24 10:36:40,了好,wxid_y1mlx0kxh0yu21,鸿学院短线交流群,24832362572@chatroom,唉，白银股票的太难受了[捂脸]
2025-12-24 10:37:14,林捷-金银多,xiamenking,鸿学院短线交流群,24832362572@chatroom,疯掉，我买这个lof只是因为股票赚钱了换过来避险，这样天天数钱真是太意外了[呲牙][呲牙]
2025-12-24 10:37:27,了好,wxid_y1mlx0kxh0yu21,鸿学院短线交流群,24832362572@chatroom,基本上和期货脱敏了。相关上市公司基本上是不动或者冲高回落。
2025-12-24 10:37:35,林捷-金银多,xiamenking,鸿学院短线交流群,24832362572@chatroom,避险的lof走出妖股的架势
2025-12-24 10:38:15,太阳花🌻,ml435212540,鸿学院短线交流群,24832362572@chatroom,"> 林捷-金银多(xiamenking) 12-24 10:37:14
> 疯掉，我买这个lof只是因为股票赚钱了换过来避险，这样天天数钱真是太意外了[呲牙][呲牙]
妖股还能支撑几天，大佬预测的了吗"
2025-12-24 10:39:36,鹄往,wxid_mgxsonmmdjcf21,鸿学院短线交流群,24832362572@chatroom,"> 林捷-金银多(xiamenking) 12-24 10:37:14
> 疯掉，我买这个lof只是因为股票赚钱了换过来避险，这样天天数钱真是太意外了[呲牙][呲牙]
该你赚钱[呲牙][强][强]"
2025-12-24 10:40:39,林捷-金银多,xiamenking,鸿学院短线交流群,24832362572@chatroom,@太阳花🌻 看强弱就行，走弱了就跑
2025-12-24 10:40:40,我不吃肉_🥩,wxid_1780167803011,鸿学院短线交流群,24832362572@chatroom,"> 林捷-金银多(xiamenking) 12-24 10:37:35
> 避险的lof走出妖股的架势
中国资本市场已经疯了，天天瞎搞，涨的最疯的全是垃圾资产[捂脸]"
2025-12-24 10:40:49,林捷-金银多,xiamenking,鸿学院短线交流群,24832362572@chatroom,@鹄往 谢谢[握手][握手][呲牙]
2025-12-24 10:41:35,林捷-金银多,xiamenking,鸿学院短线交流群,24832362572@chatroom,@我不吃肉_🥩 垃圾股都能涨，这个是全场唯一白银。LOF标的[呲牙]
2025-12-24 10:42:05,太阳花🌻,ml435212540,鸿学院短线交流群,24832362572@chatroom,"> 林捷-金银多(xiamenking) 12-24 10:40:39
> @太阳花🌻 看强弱就行，走弱了就跑
好的大佬"
2025-12-24 10:42:07,我不吃肉_🥩,wxid_1780167803011,鸿学院短线交流群,24832362572@chatroom,溢价高了就是垃圾了
2025-12-24 10:42:10,我不吃肉_🥩,wxid_1780167803011,鸿学院短线交流群,24832362572@chatroom,[捂脸]
2025-12-24 10:42:15,我不吃肉_🥩,wxid_1780167803011,鸿学院短线交流群,24832362572@chatroom,"![图片](http://localhost:5030/image/957277e5c29462c186e95fc38ab29e93,msg\attach\1880bf501b52415609806d60fdc5a343\2025-12\Img\8fbe7afc9382056c7f8ae54a0a491728)"
2025-12-24 10:42:41,我不吃肉_🥩,wxid_1780167803011,鸿学院短线交流群,24832362572@chatroom,我这还有个唯一的🧨股，本来周一想买进去，结果发现没有权限买ST
2025-12-24 10:42:47,二月半·妈妈不让我和傻子说话,wxid_76gxa4814bjk41,鸿学院短线交流群,24832362572@chatroom,"> 三月半·老了卖你保健品(wxid_358m71i5uuvz22) 12-24 09:49:25
> ![图片](http://localhost:5030/image/685a7aa0656fecbf34b82d920c2a58c7)
哪家的？我瞅着眼熟，好像还真见过"
2025-12-24 10:45:09,,系统消息,鸿学院短线交流群,24832362572@chatroom,"""Euryavi"" 撤回了一条消息"
2025-12-24 10:46:59,Euryavi,wxid_8u3isd1w9rzc22,鸿学院短线交流群,24832362572@chatroom,我周一申购的白银lof今天都不舍得套利了
2025-12-24 10:48:06,SteinsGate,wxid_quo60qc6ru0t22,鸿学院短线交流群,24832362572@chatroom,这个白银lof是不是有复利啊？
2025-12-24 10:48:07,knight,wxid_fo6dqkwsp14e21,鸿学院短线交流群,24832362572@chatroom,中国人民的力量啊[捂脸]
2025-12-24 10:48:24,knight,wxid_fo6dqkwsp14e21,鸿学院短线交流群,24832362572@chatroom,套利
2025-12-24 10:49:24,彭潇仪Sarah,hulamiaowu,鸿学院短线交流群,24832362572@chatroom,这个行情真的是几十年一遇
2025-12-24 10:49:44,GODLIKE,huluwa587731,鸿学院短线交流群,24832362572@chatroom,"> Euryavi(wxid_8u3isd1w9rzc22) 12-24 10:46:59
> 我周一申购的白银lof今天都不舍得套利了
一天也就500吧，。"
2025-12-24 10:51:09,霞姐,wxid_jbcyip00x4u022,鸿学院短线交流群,24832362572@chatroom,"> GODLIKE(huluwa587731) 12-24 10:30:58
> 开盘直接涨停，
我说怎么不动了[捂脸][捂脸]"
2025-12-24 10:51:15,霞姐,wxid_jbcyip00x4u022,鸿学院短线交流群,24832362572@chatroom,忙着工作，没注意
2025-12-24 10:51:29,SteinsGate,wxid_quo60qc6ru0t22,鸿学院短线交流群,24832362572@chatroom,这个白银lof林老师一直推，我买了，翻倍了，谢谢🙏
2025-12-24 10:53:05,三月半·老了卖你保健品,wxid_358m71i5uuvz22,鸿学院短线交流群,24832362572@chatroom,"![图片](http://localhost:5030/image/6e369c3db3ade3f24c80635f761ad6fe,msg\attach\1880bf501b52415609806d60fdc5a343\2025-12\Img\9dac997b96f57fb9e5e40d790b7c3802)"
2025-12-24 10:53:07,三月半·老了卖你保健品,wxid_358m71i5uuvz22,鸿学院短线交流群,24832362572@chatroom,这家的
2025-12-24 10:53:22,Euryavi,wxid_8u3isd1w9rzc22,鸿学院短线交流群,24832362572@chatroom,"> GODLIKE(huluwa587731) 12-24 10:49:44
> > [引用]
> 一天也就500吧，。
是的，就是申购的买入价1.799，感觉有点太香了"
2025-12-24 10:53:28,微凉梅子酒,yangxiao312,鸿学院短线交流群,24832362572@chatroom,熊猫币他们都是整箱买[偷笑]
2025-12-24 10:53:28,微凉梅子酒,yangxiao312,鸿学院短线交流群,24832362572@chatroom,"![图片](http://localhost:5030/image/57ed71319f49c4e5b248f9859914116e,msg\attach\1880bf501b52415609806d60fdc5a343\2025-12\Img\3524f2cb5c7005a254d502de15b79882)"
2025-12-24 10:53:31,霞姐,wxid_jbcyip00x4u022,鸿学院短线交流群,24832362572@chatroom,白银LOF让我涨见识了
2025-12-24 10:53:41,林捷-金银多,xiamenking,鸿学院短线交流群,24832362572@chatroom,@SteinsGate 缘分缘分[握手][握手][呲牙]
2025-12-24 10:53:46,微凉梅子酒,yangxiao312,鸿学院短线交流群,24832362572@chatroom,"![图片](http://localhost:5030/image/8cba1fa2b23767e1aa705ccc96a9d9af,msg\attach\1880bf501b52415609806d60fdc5a343\2025-12\Img\9f99e44f2fa2603d988d2eca0d7b0c17)"
2025-12-24 10:54:20,二月半·妈妈不让我和傻子说话,wxid_76gxa4814bjk41,鸿学院短线交流群,24832362572@chatroom,"> 三月半·老了卖你保健品(wxid_358m71i5uuvz22) 12-24 10:53:05
> ![图片](http://localhost:5030/image/6e369c3db3ade3f24c80635f761ad6fe)
我在他家买的包子和饺子"
2025-12-24 10:54:23,二月半·妈妈不让我和傻子说话,wxid_76gxa4814bjk41,鸿学院短线交流群,24832362572@chatroom,哈哈
2025-12-24 10:54:34,三月半·老了卖你保健品,wxid_358m71i5uuvz22,鸿学院短线交流群,24832362572@chatroom,哈哈哈🤣 可以呀
2025-12-24 10:54:57,三月半·老了卖你保健品,wxid_358m71i5uuvz22,鸿学院短线交流群,24832362572@chatroom,"> 微凉梅子酒(yangxiao312) 12-24 10:53:46
> ![图片](http://localhost:5030/image/8cba1fa2b23767e1aa705ccc96a9d9af)
这个真牛逼 "
2025-12-24 10:54:58,霞姐,wxid_jbcyip00x4u022,鸿学院短线交流群,24832362572@chatroom,"> 三月半·老了卖你保健品(wxid_358m71i5uuvz22) 12-24 10:53:05
> ![图片](http://localhost:5030/image/6e369c3db3ade3f24c80635f761ad6fe)
饺子好可爱"
2025-12-24 10:55:17,二月半·妈妈不让我和傻子说话,wxid_76gxa4814bjk41,鸿学院短线交流群,24832362572@chatroom,"> 三月半·老了卖你保健品(wxid_358m71i5uuvz22) 12-24 10:54:57
> > [引用]
> 这个真牛逼 
宋老师家一堆"
2025-12-24 10:55:44,王迅,wxid_wkp11bmhfqpw22,鸿学院短线交流群,24832362572@chatroom,@二月半·妈妈不让我和傻子说话 你如果宋老师家吗
2025-12-24 10:55:46,王迅,wxid_wkp11bmhfqpw22,鸿学院短线交流群,24832362572@chatroom,去过
2025-12-24 10:55:59,三月半·老了卖你保健品,wxid_358m71i5uuvz22,鸿学院短线交流群,24832362572@chatroom,"> 二月半·妈妈不让我和傻子说话(wxid_76gxa4814bjk41) 12-24 10:55:17
> > [引用]
> 宋老师家一堆
泪水从嘴角流下来了"
2025-12-24 10:56:49,二月半·妈妈不让我和傻子说话,wxid_76gxa4814bjk41,鸿学院短线交流群,24832362572@chatroom,这还用去吗
2025-12-24 10:57:08,二月半·妈妈不让我和傻子说话,wxid_76gxa4814bjk41,鸿学院短线交流群,24832362572@chatroom,直播课没看见宋老师后边那一排书架吗
2025-12-24 10:57:48,二月半·妈妈不让我和傻子说话,wxid_76gxa4814bjk41,鸿学院短线交流群,24832362572@chatroom,看过少年包青天也知道那后边就是通向地下金库的伪装啊
2025-12-24 11:00:29,王迅,wxid_wkp11bmhfqpw22,鸿学院短线交流群,24832362572@chatroom,哈哈
2025-12-24 11:03:02,芦苇,wxid_v8napafgcead12,鸿学院短线交流群,24832362572@chatroom,"![图片](http://localhost:5030/image/7fccc2630ac190df09c076b1517a6180,msg\attach\1880bf501b52415609806d60fdc5a343\2025-12\Img\520fbd968ef27eea9bec14ec4a547772)"
2025-12-24 11:03:21,芦苇,wxid_v8napafgcead12,鸿学院短线交流群,24832362572@chatroom,"> 芦苇(wxid_v8napafgcead12) 12-24 11:03:01
> ![图片](http://localhost:5030/image/7fccc2630ac190df09c076b1517a6180)
感觉像在洗"
2025-12-24 11:03:28,多,wxid_e16u703tdrsk21,鸿学院短线交流群,24832362572@chatroom,没看一会就跌好多呀
2025-12-24 11:03:34,多,wxid_e16u703tdrsk21,鸿学院短线交流群,24832362572@chatroom,明天圣诞
2025-12-24 11:03:58,奥利奥,wxid_1srslg6ifs8b22,鸿学院短线交流群,24832362572@chatroom,出尽了
2025-12-24 11:04:00,奥利奥,wxid_1srslg6ifs8b22,鸿学院短线交流群,24832362572@chatroom,不玩了
2025-12-24 11:05:11,芦苇,wxid_v8napafgcead12,鸿学院短线交流群,24832362572@chatroom,"![图片](http://localhost:5030/image/ea31d7845f987d64319521535ccb2824,msg\attach\1880bf501b52415609806d60fdc5a343\2025-12\Img\c707928a9664b745b05a1d49c4d68b26)"
2025-12-24 11:05:28,芦苇,wxid_v8napafgcead12,鸿学院短线交流群,24832362572@chatroom,"> 芦苇(wxid_v8napafgcead12) 12-24 11:05:11
> ![图片](http://localhost:5030/image/ea31d7845f987d64319521535ccb2824)
这是昨天晚上的"
2025-12-24 11:05:43,芦苇,wxid_v8napafgcead12,鸿学院短线交流群,24832362572@chatroom,大概率是洗盘吧
2025-12-24 11:08:40,芦苇,wxid_v8napafgcead12,鸿学院短线交流群,24832362572@chatroom,"> 芦苇(wxid_v8napafgcead12) 12-24 11:05:11
> ![图片](http://localhost:5030/image/ea31d7845f987d64319521535ccb2824)
昨晚洗了67美金，又迅速反弹"
2025-12-24 11:08:53,奥利奥,wxid_1srslg6ifs8b22,鸿学院短线交流群,24832362572@chatroom,没
2025-12-24 11:08:58,奥利奥,wxid_1srslg6ifs8b22,鸿学院短线交流群,24832362572@chatroom,今天没量
2025-12-24 11:09:29,陈蕊,wxid_e1ucnjs4f4z622,鸿学院短线交流群,24832362572@chatroom,放假了呀
2025-12-24 11:09:51,陈蕊,wxid_e1ucnjs4f4z622,鸿学院短线交流群,24832362572@chatroom,没心思交易了
2025-12-24 11:10:12,王迅,wxid_wkp11bmhfqpw22,鸿学院短线交流群,24832362572@chatroom,伦敦金这种慢涨急跌代表什么
2025-12-24 11:10:44,芦苇,wxid_v8napafgcead12,鸿学院短线交流群,24832362572@chatroom,"> 芦苇(wxid_v8napafgcead12) 12-24 11:03:01
> ![图片](http://localhost:5030/image/7fccc2630ac190df09c076b1517a6180)
2025年12月24日，11点左右，洗盘53美元"
2025-12-24 11:10:45,陈蕊,wxid_e1ucnjs4f4z622,鸿学院短线交流群,24832362572@chatroom,会不会现在的数据并没有代表性，因为交易员都放假了
2025-12-24 11:11:47,芦苇,wxid_v8napafgcead12,鸿学院短线交流群,24832362572@chatroom,我觉得  洗一洗，把阻力洗掉，未来是不是给砸盘 铺垫？不晓得呀
2025-12-24 11:15:57,利用AI洗脑逻辑结构ing,wxid_2kbu1e2ts97522,鸿学院短线交流群,24832362572@chatroom,"> 陈蕊(wxid_e1ucnjs4f4z622) 12-24 11:09:51
> 没心思交易了
[强]"
2025-12-24 11:17:05,利用AI洗脑逻辑结构ing,wxid_2kbu1e2ts97522,鸿学院短线交流群,24832362572@chatroom,新开的注意跟随节奏，这一次说不好要震到周五晚盘
2025-12-24 11:17:52,利用AI洗脑逻辑结构ing,wxid_2kbu1e2ts97522,鸿学院短线交流群,24832362572@chatroom,不容易跟准节奏就要看准年线的心态做
2025-12-24 11:18:04,目标是人机好猎手的苟活天命,youlian494847,鸿学院短线交流群,24832362572@chatroom,"> 我不吃肉_🥩(wxid_1780167803011) 12-24 10:40:40
> > [引用]
> 中国资本市场已经疯了，天天瞎搞，涨的最疯的全是垃圾资产[捂脸]
大a有好的资产吗"
2025-12-24 11:18:17,陈蕊,wxid_e1ucnjs4f4z622,鸿学院短线交流群,24832362572@chatroom,"> 目标是人机好猎手的苟活天命(youlian494847) 12-24 11:18:04
> > [引用]
> 大a有好的资产吗
有的呀"
2025-12-24 11:18:53,二月半·妈妈不让我和傻子说话,wxid_76gxa4814bjk41,鸿学院短线交流群,24832362572@chatroom,"> 王迅(wxid_wkp11bmhfqpw22) 12-24 11:10:12
> 伦敦金这种慢涨急跌代表什么
代表人家机构做T的赚好多[裂开]"
2025-12-24 11:19:03,目标是人机好猎手的苟活天命,youlian494847,鸿学院短线交流群,24832362572@chatroom,"> 二月半·妈妈不让我和傻子说话(wxid_76gxa4814bjk41) 12-24 10:57:48
> 看过少年包青天也知道那后边就是通向地下金库的伪装啊
哈哈哈哈哈哈"
2025-12-24 11:19:42,我不吃肉_🥩,wxid_1780167803011,鸿学院短线交流群,24832362572@chatroom,"> 目标是人机好猎手的苟活天命(youlian494847) 12-24 11:18:04
> > [引用]
> 大a有好的资产吗
有啊，我觉得港股被低估严重"
2025-12-24 11:19:52,陈蕊,wxid_e1ucnjs4f4z622,鸿学院短线交流群,24832362572@chatroom,"> 我不吃肉_🥩(wxid_1780167803011) 12-24 11:19:42
> > [引用]
> 有啊，我觉得港股被低估严重
+1"
2025-12-24 11:20:14,目标是人机好猎手的苟活天命,youlian494847,鸿学院短线交流群,24832362572@chatroom,"> 利用AI洗脑逻辑结构ing(wxid_2kbu1e2ts97522) 12-24 11:17:52
> 不容易跟准节奏就要看准年线的心态做
没错，买进去就放着拿长线"
2025-12-24 11:20:21,我不吃肉_🥩,wxid_1780167803011,鸿学院短线交流群,24832362572@chatroom,但是不想去，现在汇率风险比较大
2025-12-24 11:20:33,陈蕊,wxid_e1ucnjs4f4z622,鸿学院短线交流群,24832362572@chatroom,买黄金ETF
2025-12-24 11:20:41,陈蕊,wxid_e1ucnjs4f4z622,鸿学院短线交流群,24832362572@chatroom,不用管汇率
2025-12-24 11:21:14,我不吃肉_🥩,wxid_1780167803011,鸿学院短线交流群,24832362572@chatroom,ETF又不是港股
2025-12-24 11:21:33,陈蕊,wxid_e1ucnjs4f4z622,鸿学院短线交流群,24832362572@chatroom,我买恒生科技ETF
2025-12-24 11:21:52,陈蕊,wxid_e1ucnjs4f4z622,鸿学院短线交流群,24832362572@chatroom,其他港股现在好像价格都比较低，港股成交量小
2025-12-24 11:21:55,我不吃肉_🥩,wxid_1780167803011,鸿学院短线交流群,24832362572@chatroom,这个确实估值低位
2025-12-24 11:22:40,陈蕊,wxid_e1ucnjs4f4z622,鸿学院短线交流群,24832362572@chatroom,纳斯达克都涨成啥样了，恒生一坨屎一样的
2025-12-24 11:23:30,我不吃肉_🥩,wxid_1780167803011,鸿学院短线交流群,24832362572@chatroom,全在金矿里面，[抠鼻]
2025-12-24 11:23:59,二月半·妈妈不让我和傻子说话,wxid_76gxa4814bjk41,鸿学院短线交流群,24832362572@chatroom,美股指数又都涨回来了
2025-12-24 11:24:12,Mars敏,wxid_1sn0mvh76lxu11,鸿学院短线交流群,24832362572@chatroom,"> GODLIKE(huluwa587731) 12-24 10:30:52
> ![图片](http://localhost:5030/image/e1c252ea37e792493008874756cd21ba)
溢价68%？"
2025-12-24 11:24:21,目标是人机好猎手的苟活天命,youlian494847,鸿学院短线交流群,24832362572@chatroom,我恒科被挂中，不过我觉得总能涨回来
2025-12-24 11:24:24,二月半·妈妈不让我和傻子说话,wxid_76gxa4814bjk41,鸿学院短线交流群,24832362572@chatroom,老法拉利还是法拉利啊
2025-12-24 11:24:46,二月半·妈妈不让我和傻子说话,wxid_76gxa4814bjk41,鸿学院短线交流群,24832362572@chatroom,天天喊着美股崩
2025-12-24 11:24:59,目标是人机好猎手的苟活天命,youlian494847,鸿学院短线交流群,24832362572@chatroom,可恶，我吃不上一口
2025-12-24 11:25:04,二月半·妈妈不让我和傻子说话,wxid_76gxa4814bjk41,鸿学院短线交流群,24832362572@chatroom,结果崩之前该赚的都赚了
2025-12-24 11:25:10,陈蕊,wxid_e1ucnjs4f4z622,鸿学院短线交流群,24832362572@chatroom,"> 目标是人机好猎手的苟活天命(youlian494847) 12-24 11:24:21
> 我恒科被挂中，不过我觉得总能涨回来
我都还没买入，等着5300买第一笔"
2025-12-24 11:25:23,目标是人机好猎手的苟活天命,youlian494847,鸿学院短线交流群,24832362572@chatroom,我也想薅阿丑的羊毛啊[捂脸]
2025-12-24 11:25:23,陈蕊,wxid_e1ucnjs4f4z622,鸿学院短线交流群,24832362572@chatroom,美股一点都不蹦
2025-12-24 11:25:40,陈蕊,wxid_e1ucnjs4f4z622,鸿学院短线交流群,24832362572@chatroom,美股还是那么坚挺
2025-12-24 11:25:55,Mars敏,wxid_1sn0mvh76lxu11,鸿学院短线交流群,24832362572@chatroom,"> 三月半·老了卖你保健品(wxid_358m71i5uuvz22) 12-24 10:53:05
> ![图片](http://localhost:5030/image/6e369c3db3ade3f24c80635f761ad6fe)
多少g的！看起来那么大才2000？100g？"
2025-12-24 11:26:59,二月半·妈妈不让我和傻子说话,wxid_76gxa4814bjk41,鸿学院短线交流群,24832362572@chatroom,"> 目标是人机好猎手的苟活天命(youlian494847) 12-24 11:25:23
> 我也想薅阿丑的羊毛啊[捂脸]
你明年去香港开个户，看那面儿能不能做"
2025-12-24 11:27:36,二月半·妈妈不让我和傻子说话,wxid_76gxa4814bjk41,鸿学院短线交流群,24832362572@chatroom,以你现在看黄金盘的能力，看美股三大指数盘太容易不过了
2025-12-24 11:27:42,三月半·老了卖你保健品,wxid_358m71i5uuvz22,鸿学院短线交流群,24832362572@chatroom,"> Mars敏(wxid_1sn0mvh76lxu11) 12-24 11:25:55
> > [引用]
> 多少g的！看起来那么大才2000？100g？
点进去有价 不一样都"
2025-12-24 11:27:57,目标是人机好猎手的苟活天命,youlian494847,鸿学院短线交流群,24832362572@chatroom,"> 二月半·妈妈不让我和傻子说话(wxid_76gxa4814bjk41) 12-24 11:27:36
> 以你现在看黄金盘的能力，看美股三大指数盘太容易不过了
真的吗？！谢谢姐给我自信！[哇][哇][哇][亲亲][亲亲][亲亲]"
2025-12-24 11:28:12,目标是人机好猎手的苟活天命,youlian494847,鸿学院短线交流群,24832362572@chatroom,[阴险]一二月找个机会去
2025-12-24 11:28:37,目标是人机好猎手的苟活天命,youlian494847,鸿学院短线交流群,24832362572@chatroom,![动画表情](http://vweixinf.tc.qq.com/110/20401/stodownload?m=117b85d9a96ce83c9322c017c70adc18&filekey=30440201010430302e02016e0402535a042031313762383564396139366365383363393332326330313763373061646331380203010df1040d00000004627466730000000132&hy=SZ&storeid=2689f6c3b00056b599114189a0000006e01004fb1535a0fb6cbc1e7d4913ba&ef=1&bizid=1022)
2025-12-24 11:29:43,,系统消息,鸿学院短线交流群,24832362572@chatroom,"""三月半·老了卖你保健品"" 撤回了一条消息"
2025-12-24 11:30:12,目标是人机好猎手的苟活天命,youlian494847,鸿学院短线交流群,24832362572@chatroom,![动画表情](http://wxapp.tc.qq.com/275/20304/stodownload?m=ff6c6843ff1e618b11b9ea56e2a1a8f2&filekey=30350201010421301f02020113040253480410ff6c6843ff1e618b11b9ea56e2a1a8f2020300ec2e040d00000004627466730000000132&hy=SH&storeid=26479c9220000f27b000000000000011300004f5053482aa8ab01e68700ef8&bizid=1023)
2025-12-24 11:31:47,三月半·老了卖你保健品,wxid_358m71i5uuvz22,鸿学院短线交流群,24832362572@chatroom,![动画表情](http://vweixinf.tc.qq.com/110/20401/stodownload?m=438710b69ab30985ebd2af1c2d74a892&filekey=3043020101042f302d02016e0402535a0420343338373130623639616233303938356562643261663163326437346138393202023e04040d00000004627466730000000132&hy=SZ&storeid=2668f537e000879d05426390e0000006e01004fb1535a16df801156b80654f&ef=1&bizid=1022)
2025-12-24 11:52:29,Vivi,wxid_vbwpsc3qb03112,鸿学院短线交流群,24832362572@chatroom,"![图片](http://localhost:5030/image/a04e93a7c92f6c617c07b4578dbaa946,msg\attach\1880bf501b52415609806d60fdc5a343\2025-12\Img\4cc57cc1850af5a718a1efd8f49b2537)"
2025-12-24 11:52:35,Vivi,wxid_vbwpsc3qb03112,鸿学院短线交流群,24832362572@chatroom,金币云商公告
2025-12-24 11:52:43,Vivi,wxid_vbwpsc3qb03112,鸿学院短线交流群,24832362572@chatroom,30克猫都要断货了
2025-12-24 11:53:57,Vivi,wxid_vbwpsc3qb03112,鸿学院短线交流群,24832362572@chatroom,为什么金币云商都要补货，猫币不是每年限量么，我还以为是一次过把币都做出来存着仓库呢。
2025-12-24 11:58:22,鹄往,wxid_mgxsonmmdjcf21,鸿学院短线交流群,24832362572@chatroom,我原来问了都是分批发，保证明年都有货，不是一次性发完
2025-12-24 12:00:58,Vivi,wxid_vbwpsc3qb03112,鸿学院短线交流群,24832362572@chatroom,这样。成本不变分批发肯定更好，多赚
2025-12-24 12:07:40,鹄往,wxid_mgxsonmmdjcf21,鸿学院短线交流群,24832362572@chatroom,就是
2025-12-24 12:22:09,Mars敏,wxid_1sn0mvh76lxu11,鸿学院短线交流群,24832362572@chatroom,分批制作的？
2025-12-24 12:44:37,李漫澜,wxid_t7wlqivhradr22,鸿学院短线交流群,24832362572@chatroom,流血开始调仓了，主力做空股指改成做空白银。
2025-12-24 12:45:43,陈蕊,wxid_e1ucnjs4f4z622,鸿学院短线交流群,24832362572@chatroom,"> 李漫澜(wxid_t7wlqivhradr22) 12-24 12:44:37
> 流血开始调仓了，主力做空股指改成做空白银。
流血是个名字吗"
2025-12-24 12:45:50,Mars敏,wxid_1sn0mvh76lxu11,鸿学院短线交流群,24832362572@chatroom,哪里看调仓？@李漫澜 
2025-12-24 12:46:08,李漫澜,wxid_t7wlqivhradr22,鸿学院短线交流群,24832362572@chatroom,是我开始调仓了，[捂脸]
2025-12-24 12:47:35,李漫澜,wxid_t7wlqivhradr22,鸿学院短线交流群,24832362572@chatroom,白银一再刷新我的认知，以前买股指看跌期权狩猎黑天鹅，现在换成白银看跌期权，我觉得白银暴跌比黑天鹅概率更高。两个品种55开吧
2025-12-24 12:47:49,瀇,wxid_6vmd0n3bl82p22,鸿学院短线交流群,24832362572@chatroom,"![图片](http://localhost:5030/image/5665172c5d6af91ed362041b70d5b32f,msg\attach\1880bf501b52415609806d60fdc5a343\2025-12\Img\68e03e6b4c5fd59698f80e965537c7bb)"
2025-12-24 12:47:53,瀇,wxid_6vmd0n3bl82p22,鸿学院短线交流群,24832362572@chatroom,真够无耻的
2025-12-24 12:47:59,李漫澜,wxid_t7wlqivhradr22,鸿学院短线交流群,24832362572@chatroom,流血是流血策略。
2025-12-24 12:48:00,瀇,wxid_6vmd0n3bl82p22,鸿学院短线交流群,24832362572@chatroom,[链接|关于治安管理处罚法第136条相关问题的说明和回应](https://www.xiaohongshu.com/discovery/item/694b588c000000001e01197e?app_platform=android&ignoreEngage=true&app_version=9.13.1&share_from_user_hidden=true&xsec_source=app_share&type=normal&xsec_token=CB1sAQQhSSdkOKUN2yb08kVRLNo_vfO6WaTsv1Jmeegw4%3D&author_share=1&xhsshare=&shareRedId=N0w3RTdKSUs2NzUyOTgwNjY0OTc9O0tC&apptime=1766551578&share_id=31e8ec46c77d491abfc07979128e5f45&share_channel=wechat)
2025-12-24 12:48:27,目标是人机好猎手的苟活天命,youlian494847,鸿学院短线交流群,24832362572@chatroom,"> 瀇(wxid_6vmd0n3bl82p22) 12-24 12:47:53
> 真够无耻的
不要脸！！！！！！"
2025-12-24 12:48:46,目标是人机好猎手的苟活天命,youlian494847,鸿学院短线交流群,24832362572@chatroom,王八蛋！！！真他妈脸都不要了！！！！！
2025-12-24 12:49:09,李漫澜,wxid_t7wlqivhradr22,鸿学院短线交流群,24832362572@chatroom,"> 陈蕊(wxid_e1ucnjs4f4z622) 12-24 12:45:43
> > [引用]
> 流血是个名字吗
期权流血策略：这种战略（主要通过购买重大价外看跌期权来实施）需要在获得巨大收益之前连续遭受一些小损失。 "
2025-12-24 12:52:39,Euryavi,wxid_8u3isd1w9rzc22,鸿学院短线交流群,24832362572@chatroom,"> 李漫澜(wxid_t7wlqivhradr22) 12-24 12:47:35
> 白银一再刷新我的认知，以前买股指看跌期权狩猎黑天鹅，现在换成白银看跌期权，我觉得白银暴跌比黑天鹅概率更高。两个品种55开吧
期权是在哪里买的呀"
2025-12-24 12:53:47,李漫澜,wxid_t7wlqivhradr22,鸿学院短线交流群,24832362572@chatroom,我简单测算了一下，如果哪个主权国家释放白银战略储备，或者什么其它方式暴跌。白银看跌期权会翻倍的吓人，目前白银合约的看跌期权名义杠杆已经超过同期股指看跌期权。倍数一般看剩余时间，30天暴跌50-100倍，20天100-200倍，15天200-300倍，10天大概是1000倍以上。如果剩余时间10天，还暴跌20%三四天的话，那就是3000-5000倍。
2025-12-24 12:55:42,李漫澜,wxid_t7wlqivhradr22,鸿学院短线交流群,24832362572@chatroom,疫情连续四天的下跌，塔勒布的近月看跌期权合约，翻了16000倍。
2025-12-24 12:56:52,李漫澜,wxid_t7wlqivhradr22,鸿学院短线交流群,24832362572@chatroom,塔勒布的持仓那应该是有个股期权和汇率掉期。和小盘股的股指期权。都是比大盘超跌的标的物。
2025-12-24 12:57:48,李漫澜,wxid_t7wlqivhradr22,鸿学院短线交流群,24832362572@chatroom,"> Euryavi(wxid_8u3isd1w9rzc22) 12-24 12:52:39
> > [引用]
> 期权是在哪里买的呀
期货账户就行，不过得开通期权通道，和期货账户共用一个资金账户。"
2025-12-24 12:58:49,李漫澜,wxid_t7wlqivhradr22,鸿学院短线交流群,24832362572@chatroom,简单一句话。就是，你亏你的，我亏我的。[捂脸]
2025-12-24 13:08:58,Euryavi,wxid_8u3isd1w9rzc22,鸿学院短线交流群,24832362572@chatroom,我还没开过期货账户，我在我的证券账户上搜期货搜到这个，这个是期货账户吗
2025-12-24 13:09:03,Euryavi,wxid_8u3isd1w9rzc22,鸿学院短线交流群,24832362572@chatroom,"![图片](http://localhost:5030/image/b68351a5013bb009eb2251fe79079b6b,msg\attach\1880bf501b52415609806d60fdc5a343\2025-12\Img\50231cab8d559dcb8ba4c4bb51560c77)"
2025-12-24 13:09:04,Euryavi,wxid_8u3isd1w9rzc22,鸿学院短线交流群,24832362572@chatroom,"![图片](http://localhost:5030/image/319ccdeef0a48190c76ad8fae5f2b097,msg\attach\1880bf501b52415609806d60fdc5a343\2025-12\Img\1f2d78e7089450911d394875ac4346ff)"
2025-12-24 13:21:33,三角形戒,P1322635145,鸿学院短线交流群,24832362572@chatroom,期货账户要去银行线下开通
2025-12-24 13:22:02,王迅,wxid_wkp11bmhfqpw22,鸿学院短线交流群,24832362572@chatroom,期货可以线上开
2025-12-24 13:51:03,鹄往,wxid_mgxsonmmdjcf21,鸿学院短线交流群,24832362572@chatroom,"> 王迅(wxid_wkp11bmhfqpw22) 12-24 13:22:02
> 期货可以线上开
在哪个app上面开呐"
2025-12-24 13:51:37,鹄往,wxid_mgxsonmmdjcf21,鸿学院短线交流群,24832362572@chatroom,"> Mars敏(wxid_1sn0mvh76lxu11) 12-24 12:22:09
> 分批制作的？
不清楚"
2025-12-24 13:55:10,鹄往,wxid_mgxsonmmdjcf21,鸿学院短线交流群,24832362572@chatroom,"> 鹄往(wxid_mgxsonmmdjcf21) 12-24 13:51:02
> > [引用]
> 在哪个app上面开呐
DS了一下，多个平台都可以开"
2025-12-24 14:10:35,,系统消息,鸿学院短线交流群,24832362572@chatroom,"""教务鸿老师""邀请""RENA""加入了群聊"
2025-12-24 14:10:35,,系统消息,鸿学院短线交流群,24832362572@chatroom,"""RENA""与群里其他人都不是朋友关系，请注意隐私安全"
2025-12-24 14:10:52,执弦,wxid_svy6cxx4nlil22,鸿学院短线交流群,24832362572@chatroom,这是真的吗？
2025-12-24 14:10:53,执弦,wxid_svy6cxx4nlil22,鸿学院短线交流群,24832362572@chatroom,"![图片](http://localhost:5030/image/ef8e2156d4aa1e76d94bc49f09acadfb,msg\attach\1880bf501b52415609806d60fdc5a343\2025-12\Img\fab9959ade5250091368dc1bdd46dbd1)"
2025-12-24 14:17:14,张程,wxid_bgi8iyyihud422,鸿学院短线交流群,24832362572@chatroom,一眼假
2025-12-24 14:17:18,微凉梅子酒,yangxiao312,鸿学院短线交流群,24832362572@chatroom,@李漫澜 你买白银看跌几月多少价位的合约
2025-12-24 14:17:22,张程,wxid_bgi8iyyihud422,鸿学院短线交流群,24832362572@chatroom,逻辑判断不是
2025-12-24 14:17:35,李漫澜,wxid_t7wlqivhradr22,鸿学院短线交流群,24832362572@chatroom,"> 微凉梅子酒(yangxiao312) 12-24 14:17:18
> @李漫澜 你买白银看跌几月多少价位的合约
近月合约"
2025-12-24 14:17:45,微凉梅子酒,yangxiao312,鸿学院短线交流群,24832362572@chatroom,2？
2025-12-24 14:19:59,微凉梅子酒,yangxiao312,鸿学院短线交流群,24832362572@chatroom,"![图片](http://localhost:5030/image/03308cb52ccf1ec9034486a258d21c5f,msg\attach\1880bf501b52415609806d60fdc5a343\2025-12\Img\66a494627297e80f69df04bc1105d313)"
2025-12-24 14:20:06,微凉梅子酒,yangxiao312,鸿学院短线交流群,24832362572@chatroom,我是在观察这个，犹豫要不要下手
2025-12-24 14:21:06,Euryavi,wxid_8u3isd1w9rzc22,鸿学院短线交流群,24832362572@chatroom,华泰的客服说我得先去营业部开融资融券账户才能开期货账户
2025-12-24 14:24:17,三角形戒,P1322635145,鸿学院短线交流群,24832362572@chatroom,所以要去银行一趟
2025-12-24 14:24:37,三角形戒,P1322635145,鸿学院短线交流群,24832362572@chatroom,期货账户网上开，资金账户银行开
2025-12-24 14:25:53,青禾生露,fusai901212,鸿学院短线交流群,24832362572@chatroom,期货不用去银行，都是线上可以操作
2025-12-24 14:40:03,陈蕊,wxid_e1ucnjs4f4z622,鸿学院短线交流群,24832362572@chatroom,这么涨，不知道工业用银还用得起不
2025-12-24 14:40:03,陈蕊,wxid_e1ucnjs4f4z622,鸿学院短线交流群,24832362572@chatroom,"![图片](http://localhost:5030/image/ed1863d1f21720eddb25c3a065a30a47,msg\attach\1880bf501b52415609806d60fdc5a343\2025-12\Img\2bc7cee0fa2b7369082d5bb98e96901d)"
2025-12-24 14:41:06,我不吃肉_🥩,wxid_1780167803011,鸿学院短线交流群,24832362572@chatroom,"![图片](http://localhost:5030/image/7d6f4e9fa4dfbbd64036fed5fb18c383,msg\attach\1880bf501b52415609806d60fdc5a343\2025-12\Img\eb40987ef53e7d2024288f5e35da108d)"
2025-12-24 14:41:12,我不吃肉_🥩,wxid_1780167803011,鸿学院短线交流群,24832362572@chatroom,沪银已经疯了？
2025-12-24 14:41:47,陈蕊,wxid_e1ucnjs4f4z622,鸿学院短线交流群,24832362572@chatroom,所以说这么涨的话，工厂用银是否还用得起
2025-12-24 14:42:00,微凉梅子酒,yangxiao312,鸿学院短线交流群,24832362572@chatroom,现在做空的收益巨大
2025-12-24 14:42:14,兔子,nwj494279097,鸿学院短线交流群,24832362572@chatroom,"![图片](http://localhost:5030/image/55f85172e3c522dc7f6a412bc51630b9,msg\attach\1880bf501b52415609806d60fdc5a343\2025-12\Img\57b4de45b38d04b953f1dbcc9770a2a1)"
2025-12-24 14:42:34,兔子,nwj494279097,鸿学院短线交流群,24832362572@chatroom,水贝看到用拖车运 
2025-12-24 14:42:50,陈蕊,wxid_e1ucnjs4f4z622,鸿学院短线交流群,24832362572@chatroom,"> 微凉梅子酒(yangxiao312) 12-24 14:42:00
> 现在做空的收益巨大
做空白银？"
2025-12-24 14:43:18,微凉梅子酒,yangxiao312,鸿学院短线交流群,24832362572@chatroom,嗯，我感觉做空团队在准备回来阻击白银了
2025-12-24 14:43:32,彭潇仪Sarah,hulamiaowu,鸿学院短线交流群,24832362572@chatroom,现在能做空？宁肯平掉多单都不要轻易做空吧
2025-12-24 14:43:41,彭潇仪Sarah,hulamiaowu,鸿学院短线交流群,24832362572@chatroom,"> 微凉梅子酒(yangxiao312) 12-24 14:43:18
> 嗯，我感觉做空团队在准备回来阻击白银了
什么时候？"
2025-12-24 14:44:52,我不吃肉_🥩,wxid_1780167803011,鸿学院短线交流群,24832362572@chatroom,看空不做空
2025-12-24 14:45:08,微凉梅子酒,yangxiao312,鸿学院短线交流群,24832362572@chatroom,我说的是宋老师说的砸盘团队
2025-12-24 14:45:21,陈蕊,wxid_e1ucnjs4f4z622,鸿学院短线交流群,24832362572@chatroom,"> 微凉梅子酒(yangxiao312) 12-24 14:45:08
> 我说的是宋老师说的砸盘团队
做市商？"
2025-12-24 14:45:28,努力学习的阿呆,wxid_cu9riocf8ea022,鸿学院短线交流群,24832362572@chatroom,一月初？
2025-12-24 14:45:29,陈蕊,wxid_e1ucnjs4f4z622,鸿学院短线交流群,24832362572@chatroom,你是怎么发现他们要做空了的
2025-12-24 14:46:05,铿锵岁月,wxid_mdcere540mfm21,鸿学院短线交流群,24832362572@chatroom,@鹄往 我刚开了一个，上周五开的，星期一白天出的资金账号，晚上就可以交易。
2025-12-24 14:46:34,微凉梅子酒,yangxiao312,鸿学院短线交流群,24832362572@chatroom,有时候做多做空是一个团队，两头吃
2025-12-24 14:46:38,铿锵岁月,wxid_mdcere540mfm21,鸿学院短线交流群,24832362572@chatroom,白银挣了5万，刚平仓了
2025-12-24 14:47:36,陈蕊,wxid_e1ucnjs4f4z622,鸿学院短线交流群,24832362572@chatroom,把我半个月工资都赚了，太爽了吧
2025-12-24 14:49:13,青禾生露,fusai901212,鸿学院短线交流群,24832362572@chatroom,"> 陈蕊(wxid_e1ucnjs4f4z622) 12-24 14:47:36
> 把我半个月工资都赚了，太爽了吧
[裂开]牛，一个月赚10万"
2025-12-24 14:49:31,SteinsGate,wxid_quo60qc6ru0t22,鸿学院短线交流群,24832362572@chatroom,"![图片](http://localhost:5030/image/294631ef5e64aa63a5c222082ddff043,msg\attach\1880bf501b52415609806d60fdc5a343\2025-12\Img\ccd23c3fce964ec74d14c56efb790cdf)"
2025-12-24 14:49:50,目标是人机好猎手的苟活天命,youlian494847,鸿学院短线交流群,24832362572@chatroom,"> 青禾生露(fusai901212) 12-24 14:49:13
> > [引用]
> [裂开]牛，一个月赚10万
牛啊"
2025-12-24 14:49:53,陈蕊,wxid_e1ucnjs4f4z622,鸿学院短线交流群,24832362572@chatroom,"> 青禾生露(fusai901212) 12-24 14:49:13
> > [引用]
> [裂开]牛，一个月赚10万
不如你们一会炒白银就赚回来了"
2025-12-24 14:49:58,铿锵岁月,wxid_mdcere540mfm21,鸿学院短线交流群,24832362572@chatroom,本来就是想着做到月底，软件还不会用，就想着操作一遍，熟悉下再说
2025-12-24 14:50:20,青禾生露,fusai901212,鸿学院短线交流群,24832362572@chatroom,一个是投机，一个是稳定收入，那不一样[擦汗]
2025-12-24 14:50:28,目标是人机好猎手的苟活天命,youlian494847,鸿学院短线交流群,24832362572@chatroom,"> 陈蕊(wxid_e1ucnjs4f4z622) 12-24 14:49:53
> > [引用]
> 不如你们一会炒白银就赚回来了
实业的意义永远大于金融投机"
2025-12-24 14:50:35,目标是人机好猎手的苟活天命,youlian494847,鸿学院短线交流群,24832362572@chatroom,"> 青禾生露(fusai901212) 12-24 14:50:20
> 一个是投机，一个是稳定收入，那不一样[擦汗]
没错"
2025-12-24 14:51:02,目标是人机好猎手的苟活天命,youlian494847,鸿学院短线交流群,24832362572@chatroom,"> SteinsGate(wxid_quo60qc6ru0t22) 12-24 14:49:31
> ![图片](http://localhost:5030/image/294631ef5e64aa63a5c222082ddff043)
积存金要不要提真是个问题"
2025-12-24 14:51:06,目标是人机好猎手的苟活天命,youlian494847,鸿学院短线交流群,24832362572@chatroom,=-=烦死了
2025-12-24 14:52:20,铿锵岁月,wxid_mdcere540mfm21,鸿学院短线交流群,24832362572@chatroom,公司7年前就不太管了，看着它慢慢调零。。。年后再缩减一半办公面积
2025-12-24 14:52:51,铿锵岁月,wxid_mdcere540mfm21,鸿学院短线交流群,24832362572@chatroom,无能为力。。
2025-12-24 14:52:52,SteinsGate,wxid_quo60qc6ru0t22,鸿学院短线交流群,24832362572@chatroom,"![图片](http://localhost:5030/image/98dc0a46410dbba70bca8f2f2bd65d2e,msg\attach\1880bf501b52415609806d60fdc5a343\2025-12\Img\fd960243c7a3bf707f023bbc0dd08e21)"
2025-12-24 14:53:08,陈蕊,wxid_e1ucnjs4f4z622,鸿学院短线交流群,24832362572@chatroom,我现在都觉得金融投资还更有希望，现在实业没啥希望的
2025-12-24 14:53:23,目标是人机好猎手的苟活天命,youlian494847,鸿学院短线交流群,24832362572@chatroom,"> SteinsGate(wxid_quo60qc6ru0t22) 12-24 14:52:52
> ![图片](http://localhost:5030/image/98dc0a46410dbba70bca8f2f2bd65d2e)
以前的话我说不定会捐一些，现在一毛也不会捐了"
2025-12-24 14:53:44,目标是人机好猎手的苟活天命,youlian494847,鸿学院短线交流群,24832362572@chatroom,指不定给哪些博酱焦酱呢
2025-12-24 14:53:49,SteinsGate,wxid_quo60qc6ru0t22,鸿学院短线交流群,24832362572@chatroom,"![图片](http://localhost:5030/image/2310e05616d46c5bc014c8fb29d958da,msg\attach\1880bf501b52415609806d60fdc5a343\2025-12\Img\548e5fce48422fd5989472c85588245e)"
2025-12-24 14:54:57,铿锵岁月,wxid_mdcere540mfm21,鸿学院短线交流群,24832362572@chatroom,@陈蕊 同意，但我们同学会的钱几个同学炒股，今年也亏了2成多[调皮]
2025-12-24 14:56:03,目标是人机好猎手的苟活天命,youlian494847,鸿学院短线交流群,24832362572@chatroom,"> 陈蕊(wxid_e1ucnjs4f4z622) 12-24 14:53:08
> 我现在都觉得金融投资还更有希望，现在实业没啥希望的
全民斗搞金融不成牢霉了"
2025-12-24 14:56:07,青禾生露,fusai901212,鸿学院短线交流群,24832362572@chatroom,投机和投资得分开
2025-12-24 14:56:37,陈蕊,wxid_e1ucnjs4f4z622,鸿学院短线交流群,24832362572@chatroom,别呀，很多时候新手赚钱，靠的全是运气，最后能带得走的才是赚到的
2025-12-24 14:56:53,二月半·妈妈不让我和傻子说话,wxid_76gxa4814bjk41,鸿学院短线交流群,24832362572@chatroom,"![图片](http://localhost:5030/image/03aa796244e8b3f2ccc7bd969aef7e78,msg\attach\1880bf501b52415609806d60fdc5a343\2025-12\Img\07ec12e16e2d635dcbf575eb69077b53)"
2025-12-24 14:59:00,SteinsGate,wxid_quo60qc6ru0t22,鸿学院短线交流群,24832362572@chatroom,我买了毛选的纸质书和毛泽东的相册挂墙上和她吃饭的桌子旁边，让我女儿从小能看见
2025-12-24 14:59:19,努力学习的阿呆,wxid_cu9riocf8ea022,鸿学院短线交流群,24832362572@chatroom,说得对，我去买一套毛选
2025-12-24 14:59:21,陈蕊,wxid_e1ucnjs4f4z622,鸿学院短线交流群,24832362572@chatroom,现在实业太难做了
2025-12-24 14:59:23,努力学习的阿呆,wxid_cu9riocf8ea022,鸿学院短线交流群,24832362572@chatroom,过年看看
2025-12-24 15:00:37,目标是人机好猎手的苟活天命,youlian494847,鸿学院短线交流群,24832362572@chatroom,"> 二月半·妈妈不让我和傻子说话(wxid_76gxa4814bjk41) 12-24 14:56:53
> ![图片](http://localhost:5030/image/03aa796244e8b3f2ccc7bd969aef7e78)
确实很多，但有信仰的没几个"
2025-12-24 15:01:16,目标是人机好猎手的苟活天命,youlian494847,鸿学院短线交流群,24832362572@chatroom,"> 陈蕊(wxid_e1ucnjs4f4z622) 12-24 14:59:21
> 现在实业太难做了
烦死了赶紧把大航母开出去给做实业的开道啊！！"
2025-12-24 15:02:00,陈蕊,wxid_e1ucnjs4f4z622,鸿学院短线交流群,24832362572@chatroom,是，现在实业太难了。反而投资这么好，好比白银这种，工业属性强的东西，涨这么多，工厂都不知道怎么玩了
2025-12-24 15:02:05,目标是人机好猎手的苟活天命,youlian494847,鸿学院短线交流群,24832362572@chatroom,我们上课时叫兽嘴里喷粪，没有一个党员站起来的，只有我一个群众在那儿生闷气
2025-12-24 15:02:48,努力学习的阿呆,wxid_cu9riocf8ea022,鸿学院短线交流群,24832362572@chatroom,应该反省学校为啥请了这种教授
2025-12-24 15:02:52,我不吃肉_🥩,wxid_1780167803011,鸿学院短线交流群,24832362572@chatroom,"> 陈蕊(wxid_e1ucnjs4f4z622) 12-24 15:02:00
> 是，现在实业太难了。反而投资这么好，好比白银这种，工业属性强的东西，涨这么多，工厂都不知道怎么玩了
我们也需要把航母开出去，抢点油轮回来"
2025-12-24 15:03:05,二月半·妈妈不让我和傻子说话,wxid_76gxa4814bjk41,鸿学院短线交流群,24832362572@chatroom,"![图片](http://localhost:5030/image/1543e9fded8be9c057ea36559c8b2dc5,msg\attach\1880bf501b52415609806d60fdc5a343\2025-12\Img\ba8ae61b8808456f2cd015cf4aed6fc2)"
2025-12-24 15:03:11,努力学习的阿呆,wxid_cu9riocf8ea022,鸿学院短线交流群,24832362572@chatroom,学生是弱势群体，党员也在生闷气
2025-12-24 15:03:24,二月半·妈妈不让我和傻子说话,wxid_76gxa4814bjk41,鸿学院短线交流群,24832362572@chatroom,我有套英文的，还是从加拿大背回来的
2025-12-24 15:03:25,努力学习的阿呆,wxid_cu9riocf8ea022,鸿学院短线交流群,24832362572@chatroom,还英文版的
2025-12-24 15:03:30,陈蕊,wxid_e1ucnjs4f4z622,鸿学院短线交流群,24832362572@chatroom,"> 我不吃肉_🥩(wxid_1780167803011) 12-24 15:02:52
> > [引用]
> 我们也需要把航母开出去，抢点油轮回来
我们不是不做这种事情嘛"
2025-12-24 15:03:46,二月半·妈妈不让我和傻子说话,wxid_76gxa4814bjk41,鸿学院短线交流群,24832362572@chatroom,陪我渡过在资本主义国家道心不稳的岁月
2025-12-24 15:03:53,陈蕊,wxid_e1ucnjs4f4z622,鸿学院短线交流群,24832362572@chatroom,本来现在大环境就不好，各种有色金融还上涨，不知道工厂怎么活
2025-12-24 15:03:54,努力学习的阿呆,wxid_cu9riocf8ea022,鸿学院短线交流群,24832362572@chatroom,我刚京东下了一套，学习一下
2025-12-24 15:04:04,努力学习的阿呆,wxid_cu9riocf8ea022,鸿学院短线交流群,24832362572@chatroom,工厂也会做对冲
2025-12-24 15:04:38,二月半·妈妈不让我和傻子说话,wxid_76gxa4814bjk41,鸿学院短线交流群,24832362572@chatroom,"> 陈蕊(wxid_e1ucnjs4f4z622) 12-24 15:03:30
> > [引用]
> 我们不是不做这种事情嘛
毛爷爷让我们解放全人类呢"
2025-12-24 15:04:48,铿锵岁月,wxid_mdcere540mfm21,鸿学院短线交流群,24832362572@chatroom,信息过于发达造成低利润，低利润叠加房地产造成通缩
2025-12-24 15:05:01,李漫澜,wxid_t7wlqivhradr22,鸿学院短线交流群,24832362572@chatroom,看样我又要集中流血了
2025-12-24 15:05:05,目标是人机好猎手的苟活天命,youlian494847,鸿学院短线交流群,24832362572@chatroom,"> 努力学习的阿呆(wxid_cu9riocf8ea022) 12-24 15:03:11
> 学生是弱势群体，党员也在生闷气
他们不生气，他们不在乎，他们崇洋媚外"
2025-12-24 15:05:07,李漫澜,wxid_t7wlqivhradr22,鸿学院短线交流群,24832362572@chatroom,"![图片](http://localhost:5030/image/928ada830487c4271a0a6667ba8d43ed,msg\attach\1880bf501b52415609806d60fdc5a343\2025-12\Img\f24e3db0ad00bd219565af0cf6310820)"
2025-12-24 15:05:16,铿锵岁月,wxid_mdcere540mfm21,鸿学院短线交流群,24832362572@chatroom,即时没有房地产，一样会通缩
2025-12-24 15:05:45,我不吃肉_🥩,wxid_1780167803011,鸿学院短线交流群,24832362572@chatroom,"> 陈蕊(wxid_e1ucnjs4f4z622) 12-24 15:03:30
> > [引用]
> 我们不是不做这种事情嘛
我们只是从发达国家拿走我们当年被抢走的东西[抠鼻]"
2025-12-24 15:05:52,目标是人机好猎手的苟活天命,youlian494847,鸿学院短线交流群,24832362572@chatroom,"> 二月半·妈妈不让我和傻子说话(wxid_76gxa4814bjk41) 12-24 15:03:24
> 我有套英文的，还是从加拿大背回来的
姐你英文真好[流泪]那玩意儿我完全学不会"
2025-12-24 15:07:32,努力学习的阿呆,wxid_cu9riocf8ea022,鸿学院短线交流群,24832362572@chatroom,我们看中文的，原汁原味
2025-12-24 15:09:23,SteinsGate,wxid_quo60qc6ru0t22,鸿学院短线交流群,24832362572@chatroom,二月雅思得几级啊
2025-12-24 15:09:40,陈蕊,wxid_e1ucnjs4f4z622,鸿学院短线交流群,24832362572@chatroom,"> 李漫澜(wxid_t7wlqivhradr22) 12-24 15:05:07
> ![图片](http://localhost:5030/image/928ada830487c4271a0a6667ba8d43ed)
牛逼牛逼"
2025-12-24 15:10:35,二月半·妈妈不让我和傻子说话,wxid_76gxa4814bjk41,鸿学院短线交流群,24832362572@chatroom,"> 目标是人机好猎手的苟活天命(youlian494847) 12-24 15:05:52
> > [引用]
> 姐你英文真好[流泪]那玩意儿我完全学不会
有段时间特别迷茫，看着很多该上红通的人被公司奉为上宾，关键是所有人都习以为常"
2025-12-24 15:10:41,李漫澜,wxid_t7wlqivhradr22,鸿学院短线交流群,24832362572@chatroom,小心白银万倍期权
2025-12-24 15:11:08,二月半·妈妈不让我和傻子说话,wxid_76gxa4814bjk41,鸿学院短线交流群,24832362572@chatroom,正好碰到社区图书馆处理旧书淘到这套，捡到宝了
2025-12-24 15:11:31,二月半·妈妈不让我和傻子说话,wxid_76gxa4814bjk41,鸿学院短线交流群,24832362572@chatroom,要不真是道心不稳
2025-12-24 15:11:33,鹄往,wxid_mgxsonmmdjcf21,鸿学院短线交流群,24832362572@chatroom,"> 铿锵岁月(wxid_mdcere540mfm21) 12-24 14:46:05
> @鹄往 我刚开了一个，上周五开的，星期一白天出的资金账号，晚上就可以交易。
哦，我就是了解一下，现在还没那水平得[呲牙]"
2025-12-24 15:11:47,目标是人机好猎手的苟活天命,youlian494847,鸿学院短线交流群,24832362572@chatroom,"> 二月半·妈妈不让我和傻子说话(wxid_76gxa4814bjk41) 12-24 15:10:35
> > [引用]
> 有段时间特别迷茫，看着很多该上红通的人被公司奉为上宾，关键是所有人都习以为常
我心智不够健全，我觉得毛选都稳不住，一个封存我就破防有心魔了"
2025-12-24 15:12:13,二月半·妈妈不让我和傻子说话,wxid_76gxa4814bjk41,鸿学院短线交流群,24832362572@chatroom,"> SteinsGate(wxid_quo60qc6ru0t22) 12-24 15:09:23
> 二月雅思得几级啊
没考过雅思，托福GRE都是满分"
2025-12-24 15:13:05,目标是人机好猎手的苟活天命,youlian494847,鸿学院短线交流群,24832362572@chatroom,"> 二月半·妈妈不让我和傻子说话(wxid_76gxa4814bjk41) 12-24 15:10:35
> > [引用]
> 有段时间特别迷茫，看着很多该上红通的人被公司奉为上宾，关键是所有人都习以为常
我要是在那边估计也会慢慢被同化认同社达吧，社会风气太重要了"
2025-12-24 15:13:17,目标是人机好猎手的苟活天命,youlian494847,鸿学院短线交流群,24832362572@chatroom,"> 二月半·妈妈不让我和傻子说话(wxid_76gxa4814bjk41) 12-24 15:12:13
> > [引用]
> 没考过雅思，托福GRE都是满分
妈呀！[捂脸][捂脸][捂脸]"
2025-12-24 15:14:36,SteinsGate,wxid_quo60qc6ru0t22,鸿学院短线交流群,24832362572@chatroom,厉害了
2025-12-24 15:15:12,SteinsGate,wxid_quo60qc6ru0t22,鸿学院短线交流群,24832362572@chatroom,真的属于学霸级别了
2025-12-24 15:15:55,目标是人机好猎手的苟活天命,youlian494847,鸿学院短线交流群,24832362572@chatroom,学渣表示太羡慕了
2025-12-24 15:16:15,目标是人机好猎手的苟活天命,youlian494847,鸿学院短线交流群,24832362572@chatroom,[破涕为笑]我英语上了高中就没及格过了
2025-12-24 15:17:34,二月半·妈妈不让我和傻子说话,wxid_76gxa4814bjk41,鸿学院短线交流群,24832362572@chatroom,"> 目标是人机好猎手的苟活天命(youlian494847) 12-24 15:11:47
> > [引用]
> 我心智不够健全，我觉得毛选都稳不住，一个封存我就破防有心魔了
我看新闻，最近破获了几起都几千公斤，甚至几吨的毒品的走私案子"
2025-12-24 15:17:52,二月半·妈妈不让我和傻子说话,wxid_76gxa4814bjk41,鸿学院短线交流群,24832362572@chatroom,这都不是少爷回来吸，是少爷回来卖
2025-12-24 15:19:20,目标是人机好猎手的苟活天命,youlian494847,鸿学院短线交流群,24832362572@chatroom,"> 二月半·妈妈不让我和傻子说话(wxid_76gxa4814bjk41) 12-24 15:17:34
> > [引用]
> 我看新闻，最近破获了几起都几千公斤，甚至几吨的毒品的走私案子
我也看了……很难受，真的为缉毒警不值"
2025-12-24 15:19:42,目标是人机好猎手的苟活天命,youlian494847,鸿学院短线交流群,24832362572@chatroom,都罢工就好了，爱他妈谁干谁干
2025-12-24 15:20:27,目标是人机好猎手的苟活天命,youlian494847,鸿学院短线交流群,24832362572@chatroom,"> 二月半·妈妈不让我和傻子说话(wxid_76gxa4814bjk41) 12-24 15:17:52
> 这都不是少爷回来吸，是少爷回来卖
姐感觉你说到了关键的地方[捂脸]"
2025-12-24 15:22:06,灿,wxid_xx8492d5gu6s21,鸿学院短线交流群,24832362572@chatroom,"> 陈蕊(wxid_e1ucnjs4f4z622) 12-24 15:02:00
> 是，现在实业太难了。反而投资这么好，好比白银这种，工业属性强的东西，涨这么多，工厂都不知道怎么玩了
我有个客户做机加的，铜件加工完镀银，最近直接真是太难了，没法搞"
2025-12-24 15:22:10,Hedi,hedi147719,鸿学院短线交流群,24832362572@chatroom,"> 瀇(wxid_6vmd0n3bl82p22) 12-24 12:48:00
> [链接|关于治安管理处罚法第136条相关问题的说明和回应](https://www.xiaohongshu.com/discovery/item/694b588c000000001e01197e?app_platform=android&ignoreEngage=true&app_version=9.13.1&share_from_user_hidden=true&xsec_source=app_share&type=normal&xsec_token=CB1sAQQhSSdkOKUN2yb08kVRLNo_vfO6WaTsv1Jmeegw4%3D&author_share=1&xhsshare=&shareRedId=N0w3RTdKSUs2NzUyOTgwNjY0OTc9O0tC&apptime=1766551578&share_id=31e8ec46c77d491abfc07979128e5f45&share_channel=wechat)
妈蛋！令人气愤至极！！！瞎了吗？"
2025-12-24 15:24:17,曹兀,caopai1995,鸿学院短线交流群,24832362572@chatroom,白银铂金这样涨，工厂怎么定价
2025-12-24 15:24:22,陈蕊,wxid_e1ucnjs4f4z622,鸿学院短线交流群,24832362572@chatroom,"> 灿(wxid_xx8492d5gu6s21) 12-24 15:22:06
> > [引用]
> 我有个客户做机加的，铜件加工完镀银，最近直接真是太难了，没法搞
那可不是，这么贵的原料，怎么赚钱"
2025-12-24 15:24:31,曹兀,caopai1995,鸿学院短线交流群,24832362572@chatroom,如果他们要做电线电机光伏怎么定价产品啊
2025-12-24 15:24:35,陈蕊,wxid_e1ucnjs4f4z622,鸿学院短线交流群,24832362572@chatroom,客户是不可能给你加很多价格的
2025-12-24 15:25:02,曹兀,caopai1995,鸿学院短线交流群,24832362572@chatroom,铜件镀银，但是他们是之前签的合同啊
2025-12-24 15:25:06,俞榮潔,wxid_eqp25eiyy5x422,鸿学院短线交流群,24832362572@chatroom,"> 二月半·妈妈不让我和傻子说话(wxid_76gxa4814bjk41) 12-24 15:17:52
> 这都不是少爷回来吸，是少爷回来卖
说啥呢，要相信党，相信政府[旺柴]"
2025-12-24 15:25:08,曹兀,caopai1995,鸿学院短线交流群,24832362572@chatroom,那现在亏欠加工吗
2025-12-24 15:25:17,陈蕊,wxid_e1ucnjs4f4z622,鸿学院短线交流群,24832362572@chatroom,老美他们炒这么有色金属的价格，受害的就是中国制造业
2025-12-24 15:25:40,陈蕊,wxid_e1ucnjs4f4z622,鸿学院短线交流群,24832362572@chatroom,"> 彩虹恋爱导师曹兀(caopai1995) 12-24 15:25:08
> 那现在亏欠加工吗
不然合同违约，不是一样要赔钱"
2025-12-24 15:27:27,陈蕊,wxid_e1ucnjs4f4z622,鸿学院短线交流群,24832362572@chatroom,宋老师之前说过，华尔街通过控制大宗商品的价格，赚走了制造业大部分的利润。所以我们这次才要跟澳大利亚重新谈铁矿石的价格，不然真的吭哧吭哧，白给别人干，别人轻轻松松，赚得更多
2025-12-24 15:28:06,目标是人机好猎手的苟活天命,youlian494847,鸿学院短线交流群,24832362572@chatroom,"> 俞榮潔(wxid_eqp25eiyy5x422) 12-24 15:25:06
> > [引用]
> 说啥呢，要相信党，相信政府[旺柴]
别阴阳了，等着那玩意儿泛滥，在座的一个也跑不了"
2025-12-24 15:28:16,二月半·妈妈不让我和傻子说话,wxid_76gxa4814bjk41,鸿学院短线交流群,24832362572@chatroom,"> 陈蕊(wxid_e1ucnjs4f4z622) 12-24 15:25:17
> 老美他们炒这么有色金属的价格，受害的就是中国制造业
这次不止金融炒，懂王打委内瑞拉就是要控制南美的矿产"
2025-12-24 15:28:22,二月半·妈妈不让我和傻子说话,wxid_76gxa4814bjk41,鸿学院短线交流群,24832362572@chatroom,最大的银矿都在南美
2025-12-24 15:28:53,目标是人机好猎手的苟活天命,youlian494847,鸿学院短线交流群,24832362572@chatroom,"> 二月半·妈妈不让我和傻子说话(wxid_76gxa4814bjk41) 12-24 15:28:16
> > [引用]
> 这次不止金融炒，懂王打委内瑞拉就是要控制南美的矿产
咱能悄悄的支援一下小委吗"
2025-12-24 15:28:58,二月半·妈妈不让我和傻子说话,wxid_76gxa4814bjk41,鸿学院短线交流群,24832362572@chatroom,人家美帝那才真是上下一心，从金融到军事，坑你中国制造业
2025-12-24 15:29:25,兔子,nwj494279097,鸿学院短线交流群,24832362572@chatroom,@二月半·妈妈不让我和傻子说话 你有囤铂金金条吗
2025-12-24 15:29:26,陈蕊,wxid_e1ucnjs4f4z622,鸿学院短线交流群,24832362572@chatroom,对的呀，中国制造业，吭哧吭哧，给别人做嫁衣
2025-12-24 15:29:54,我不吃肉_🥩,wxid_1780167803011,鸿学院短线交流群,24832362572@chatroom,对啊
2025-12-24 15:30:15,我不吃肉_🥩,wxid_1780167803011,鸿学院短线交流群,24832362572@chatroom,血汗工厂，出口赚回来的全是废纸[抠鼻]
2025-12-24 15:30:19,二月半·妈妈不让我和傻子说话,wxid_76gxa4814bjk41,鸿学院短线交流群,24832362572@chatroom,"> 兔子(nwj494279097) 12-24 15:29:25
> @二月半·妈妈不让我和傻子说话 你有囤铂金金条吗
没有条子，但我有18年前600多一克时打的一套四斤的首饰"
2025-12-24 15:30:28,目标是人机好猎手的苟活天命,youlian494847,鸿学院短线交流群,24832362572@chatroom,"> 二月半·妈妈不让我和傻子说话(wxid_76gxa4814bjk41) 12-24 15:28:58
> 人家美帝那才真是上下一心，从金融到军事，坑你中国制造业
谁都想要奴隶，我之前在小红书上搜菲佣，看到一个人说：就是要找菲佣，听她叫我一声小姐。……真是没有公主名得了公主病。"
2025-12-24 15:30:28,陈蕊,wxid_e1ucnjs4f4z622,鸿学院短线交流群,24832362572@chatroom,这哪里有所谓的公平，所以现在央行要赶紧存金子
2025-12-24 15:30:29,二月半·妈妈不让我和傻子说话,wxid_76gxa4814bjk41,鸿学院短线交流群,24832362572@chatroom,努努力明年就能解套了
2025-12-24 15:30:41,我不吃肉_🥩,wxid_1780167803011,鸿学院短线交流群,24832362572@chatroom,还是毛子实在，之前开始抢
2025-12-24 15:30:43,京桓,A170338905,鸿学院短线交流群,24832362572@chatroom,所以黄金涨的目的是为了让其他金属也跟着涨？
2025-12-24 15:30:49,目标是人机好猎手的苟活天命,youlian494847,鸿学院短线交流群,24832362572@chatroom,"> 二月半·妈妈不让我和傻子说话(wxid_76gxa4814bjk41) 12-24 15:30:29
> 努努力明年就能解套了
姐你明年卖吗，万一卖了又涨呢"
2025-12-24 15:30:49,京桓,A170338905,鸿学院短线交流群,24832362572@chatroom,为了打击中国制造？
2025-12-24 15:31:10,我不吃肉_🥩,wxid_1780167803011,鸿学院短线交流群,24832362572@chatroom,美元泡沫
2025-12-24 15:31:18,我不吃肉_🥩,wxid_1780167803011,鸿学院短线交流群,24832362572@chatroom,纸币陷阱
2025-12-24 15:31:20,，健,wxid_l8xh4adyc3vc22,鸿学院短线交流群,24832362572@chatroom,"> 我不吃肉_🥩(wxid_1780167803011) 12-24 15:30:15
> 血汗工厂，出口赚回来的全是废纸[抠鼻]
一张纸0.01成本，人家赚你99.99美元[吃瓜]"
2025-12-24 15:31:21,兔子,nwj494279097,鸿学院短线交流群,24832362572@chatroom,她肯定不会卖
2025-12-24 15:31:37,二月半·妈妈不让我和傻子说话,wxid_76gxa4814bjk41,鸿学院短线交流群,24832362572@chatroom,"> 目标是人机好猎手的苟活天命(youlian494847) 12-24 15:30:49
> > [引用]
> 姐你明年卖吗，万一卖了又涨呢
卖啥啊，都套了18年了，留给狗蛋儿了"
2025-12-24 15:32:10,目标是人机好猎手的苟活天命,youlian494847,鸿学院短线交流群,24832362572@chatroom,我感觉就是单纯的人们觉得还是实实在在的物质好，匪头肌肉不硬了，小弟开始贪污收集物资了=-=
2025-12-24 15:32:17,我不吃肉_🥩,wxid_1780167803011,鸿学院短线交流群,24832362572@chatroom,铂金好像? •̫͡•ʕ按照地壳稀有度算，应该是黄金价格的十倍
2025-12-24 15:32:21,目标是人机好猎手的苟活天命,youlian494847,鸿学院短线交流群,24832362572@chatroom,"> 二月半·妈妈不让我和傻子说话(wxid_76gxa4814bjk41) 12-24 15:31:37
> > [引用]
> 卖啥啊，都套了18年了，留给狗蛋儿了
这倒是哈[捂脸]"
2025-12-24 15:33:02,目标是人机好猎手的苟活天命,youlian494847,鸿学院短线交流群,24832362572@chatroom,"> 我不吃肉_🥩(wxid_1780167803011) 12-24 15:32:17
> 铂金好像? •̫͡•ʕ按照地壳稀有度算，应该是黄金价格的十倍
对，石纪元里父子篇我记得就说铂金很稀缺，男主他养父搜集了一辈子给他留下来的[捂脸]"
2025-12-24 15:33:16,曹兀,caopai1995,鸿学院短线交流群,24832362572@chatroom,18年铂金600多一克啊
2025-12-24 15:33:18,我不吃肉_🥩,wxid_1780167803011,鸿学院短线交流群,24832362572@chatroom,犹太金融资本对全世界的掠夺[抠鼻]
2025-12-24 15:33:25,目标是人机好猎手的苟活天命,youlian494847,鸿学院短线交流群,24832362572@chatroom,[破涕为笑]每个挣钱的机会都在脑子里溜了一圈又飞走了，唉
2025-12-24 15:33:44,二月半·妈妈不让我和傻子说话,wxid_76gxa4814bjk41,鸿学院短线交流群,24832362572@chatroom,说起来时间线，我被套的前一年正是宋老师出货币战争那一年
2025-12-24 15:34:19,二月半·妈妈不让我和傻子说话,wxid_76gxa4814bjk41,鸿学院短线交流群,24832362572@chatroom,"> 彩虹恋爱导师曹兀(caopai1995) 12-24 15:33:16
> 18年铂金600多一克啊
08年上半年，大盘500多，金店600多"
2025-12-24 15:34:25,我不吃肉_🥩,wxid_1780167803011,鸿学院短线交流群,24832362572@chatroom,但是从工业上来说，拿枪去抢也不错吧？
2025-12-24 15:34:34,二月半·妈妈不让我和傻子说话,wxid_76gxa4814bjk41,鸿学院短线交流群,24832362572@chatroom,下半年就折到脚后跟了
2025-12-24 15:35:15,目标是人机好猎手的苟活天命,youlian494847,鸿学院短线交流群,24832362572@chatroom,跌的时候也真快啊
2025-12-24 15:35:23,SteinsGate,wxid_quo60qc6ru0t22,鸿学院短线交流群,24832362572@chatroom,那个时候我好像在读初二
2025-12-24 15:35:30,我不吃肉_🥩,wxid_1780167803011,鸿学院短线交流群,24832362572@chatroom,乱世，还是粮食和枪实在
2025-12-24 15:35:33,目标是人机好猎手的苟活天命,youlian494847,鸿学院短线交流群,24832362572@chatroom,要不是等银子跌，我真想冲进去买铂金啊！
2025-12-24 15:35:36,我不吃肉_🥩,wxid_1780167803011,鸿学院短线交流群,24832362572@chatroom,黄金算个P
2025-12-24 15:36:08,目标是人机好猎手的苟活天命,youlian494847,鸿学院短线交流群,24832362572@chatroom,黄金可以换粮食和枪，你说它算啥
2025-12-24 15:37:07,我不吃肉_🥩,wxid_1780167803011,鸿学院短线交流群,24832362572@chatroom,乱世嘛，我有枪和粮食，你的东西就是我的东西[抠鼻]
2025-12-24 15:37:46,我不吃肉_🥩,wxid_1780167803011,鸿学院短线交流群,24832362572@chatroom,你看美国对委内瑞拉，是不是就这么赤裸裸的
2025-12-24 15:37:49,目标是人机好猎手的苟活天命,youlian494847,鸿学院短线交流群,24832362572@chatroom,"> 我不吃肉_🥩(wxid_1780167803011) 12-24 15:37:07
> 乱世嘛，我有枪和粮食，你的东西就是我的东西[抠鼻]
又有枪和粮食，就只有“我”没有“你”啦"
2025-12-24 15:38:22,我不吃肉_🥩,wxid_1780167803011,鸿学院短线交流群,24832362572@chatroom,对啊，你的黄金，你的土地，你的乌克兰，都归我了
2025-12-24 15:39:02,京桓,A170338905,鸿学院短线交流群,24832362572@chatroom,月亮也归我
2025-12-24 15:39:10,二月半·妈妈不让我和傻子说话,wxid_76gxa4814bjk41,鸿学院短线交流群,24832362572@chatroom,老共还是太文明
2025-12-24 15:39:13,目标是人机好猎手的苟活天命,youlian494847,鸿学院短线交流群,24832362572@chatroom,多亏这次科技握在文明手里
2025-12-24 15:39:24,目标是人机好猎手的苟活天命,youlian494847,鸿学院短线交流群,24832362572@chatroom,"> 二月半·妈妈不让我和傻子说话(wxid_76gxa4814bjk41) 12-24 15:39:10
> 老共还是太文明
恨铁不成钢"
2025-12-24 15:39:48,我不吃肉_🥩,wxid_1780167803011,鸿学院短线交流群,24832362572@chatroom,没有核武器早干过去了
2025-12-24 15:39:53,我不吃肉_🥩,wxid_1780167803011,鸿学院短线交流群,24832362572@chatroom,什么东西，小日本
2025-12-24 15:40:18,二月半·妈妈不让我和傻子说话,wxid_76gxa4814bjk41,鸿学院短线交流群,24832362572@chatroom,还是应该和老美学学
2025-12-24 15:40:21,目标是人机好猎手的苟活天命,youlian494847,鸿学院短线交流群,24832362572@chatroom,三下五除二，把小日子缴械了，然后控制所有媒体，把二战罪行公之于众，让他回农业社会
2025-12-24 15:40:37,陈蕊,wxid_e1ucnjs4f4z622,鸿学院短线交流群,24832362572@chatroom,老美是如此可恨！
2025-12-24 15:40:40,我不吃肉_🥩,wxid_1780167803011,鸿学院短线交流群,24832362572@chatroom,直接把台湾围了，台积电归我了
2025-12-24 15:40:59,二月半·妈妈不让我和傻子说话,wxid_76gxa4814bjk41,鸿学院短线交流群,24832362572@chatroom,都这幅死德性了还不死，不就是因为人家敢打能抢吗
2025-12-24 15:41:05,,系统消息,鸿学院短线交流群,24832362572@chatroom,"""俞榮潔"" 撤回了一条消息"
2025-12-24 15:41:05,陈蕊,wxid_e1ucnjs4f4z622,鸿学院短线交流群,24832362572@chatroom,按照这个逻辑，我直接把其他国家干翻，地球都是我的
2025-12-24 15:41:18,我不吃肉_🥩,wxid_1780167803011,鸿学院短线交流群,24832362572@chatroom,还搞个屁AI[抠鼻]，让你造不出芯片
2025-12-24 15:41:31,我不吃肉_🥩,wxid_1780167803011,鸿学院短线交流群,24832362572@chatroom,韩国台湾都在我门边上
2025-12-24 15:41:51,目标是人机好猎手的苟活天命,youlian494847,鸿学院短线交流群,24832362572@chatroom,台积电不是早就搬阿丑那边了吗
2025-12-24 15:42:19,俞榮潔,wxid_eqp25eiyy5x422,鸿学院短线交流群,24832362572@chatroom,"> 目标是人机好猎手的苟活天命(youlian494847) 12-24 15:28:06
> > [引用]
> 别阴阳了，等着那玩意儿泛滥，在座的一个也跑不了
确实是的"
2025-12-24 15:42:53,陈更,jeffchen98241,鸿学院短线交流群,24832362572@chatroom,唉
2025-12-24 15:43:03,目标是人机好猎手的苟活天命,youlian494847,鸿学院短线交流群,24832362572@chatroom,![动画表情](http://vweixinf.tc.qq.com/110/20401/stodownload?m=7981e742fb977a3e14ce5a8486fd8f99&filekey=3043020101042f302d02016e040253480420373938316537343266623937376133653134636535613834383666643866393902027c64040d00000004627466730000000132&hy=SH&storeid=265ae39c50005f37ec9fb49a30000006e01004fb153481b5861b156672d6de&ef=1&bizid=1022)
2025-12-24 15:44:17,我不吃肉_🥩,wxid_1780167803011,鸿学院短线交流群,24832362572@chatroom,没有毛爷爷，邓爷爷的魄力
2025-12-24 15:44:43,二月半·妈妈不让我和傻子说话,wxid_76gxa4814bjk41,鸿学院短线交流群,24832362572@chatroom,邓有啥魄力？
2025-12-24 15:44:55,二月半·妈妈不让我和傻子说话,wxid_76gxa4814bjk41,鸿学院短线交流群,24832362572@chatroom,刀枪入库放马南山？
2025-12-24 15:45:09,二月半·妈妈不让我和傻子说话,wxid_76gxa4814bjk41,鸿学院短线交流群,24832362572@chatroom,给林肯鞠躬？
2025-12-24 15:45:14,我不吃肉_🥩,wxid_1780167803011,鸿学院短线交流群,24832362572@chatroom,"> 二月半·妈妈不让我和傻子说话(wxid_76gxa4814bjk41) 12-24 15:44:43
> 邓有啥魄力？
干了越南[抠鼻]"
2025-12-24 15:45:28,二月半·妈妈不让我和傻子说话,wxid_76gxa4814bjk41,鸿学院短线交流群,24832362572@chatroom,还是做原子弹的不如卖茶叶蛋的
2025-12-24 15:45:55,我不吃肉_🥩,wxid_1780167803011,鸿学院短线交流群,24832362572@chatroom,卖茶叶蛋的不如鱿鱼会玩金融
2025-12-24 15:46:15,执弦,wxid_svy6cxx4nlil22,鸿学院短线交流群,24832362572@chatroom,下马一大批科研项目。造不如买，买不如租。[偷笑]
2025-12-24 15:48:00,周靖,wxid_euc4z13ova5321,鸿学院短线交流群,24832362572@chatroom,这就是对邓显然有很大的误解了，我国现代经济框架是邓主导制定的，而且非常艺术，你要从宏观角度考虑他为啥要那么做
2025-12-24 15:48:39,二月半·妈妈不让我和傻子说话,wxid_76gxa4814bjk41,鸿学院短线交流群,24832362572@chatroom,摘桃子
2025-12-24 15:48:43,周靖,wxid_euc4z13ova5321,鸿学院短线交流群,24832362572@chatroom,从现实角度也就是眼下我们做到的，这个设计非常优秀，可以说没法再好了
2025-12-24 15:49:27,周靖,wxid_euc4z13ova5321,鸿学院短线交流群,24832362572@chatroom,摘了如日中天的老美的桃子，很容易吗？
2025-12-24 15:49:27,曹兀,caopai1995,鸿学院短线交流群,24832362572@chatroom,"![图片](http://localhost:5030/image/16a94b8b71b9bd9cca58be69441131c7,msg\attach\1880bf501b52415609806d60fdc5a343\2025-12\Img\369242cf30ba2c1464e54f7d11b3f27a)"
2025-12-24 15:49:34,曹兀,caopai1995,鸿学院短线交流群,24832362572@chatroom,这个可以买5000啊
2025-12-24 15:49:50,二月半·妈妈不让我和傻子说话,wxid_76gxa4814bjk41,鸿学院短线交流群,24832362572@chatroom,摘了教员的桃子
2025-12-24 15:49:57,,系统消息,鸿学院短线交流群,24832362572@chatroom,"""目标是人机好猎手的苟活天命"" 撤回了一条消息"
2025-12-24 15:50:40,二月半·妈妈不让我和傻子说话,wxid_76gxa4814bjk41,鸿学院短线交流群,24832362572@chatroom,推翻主席的路线，然后告诉你中国人只能卖血汗跪着发展
2025-12-24 15:51:14,二月半·妈妈不让我和傻子说话,wxid_76gxa4814bjk41,鸿学院短线交流群,24832362572@chatroom,掏光养晦
2025-12-24 15:53:06,兔子,nwj494279097,鸿学院短线交流群,24832362572@chatroom,铂金金条不卖给个人的吗
2025-12-24 15:53:22,兔子,nwj494279097,鸿学院短线交流群,24832362572@chatroom,说要营业执照才行
2025-12-24 15:53:29,目标是人机好猎手的苟活天命,youlian494847,鸿学院短线交流群,24832362572@chatroom,"> 二月半·妈妈不让我和傻子说话(wxid_76gxa4814bjk41) 12-24 15:50:40
> 推翻主席的路线，然后告诉你中国人只能卖血汗跪着发展
唉……"
2025-12-24 15:53:47,我不吃肉_🥩,wxid_1780167803011,鸿学院短线交流群,24832362572@chatroom,"> 二月半·妈妈不让我和傻子说话(wxid_76gxa4814bjk41) 12-24 15:50:40
> 推翻主席的路线，然后告诉你中国人只能卖血汗跪着发展
中国是全球化的收益国"
2025-12-24 15:54:01,我不吃肉_🥩,wxid_1780167803011,鸿学院短线交流群,24832362572@chatroom,欧美的工业全抽到我们这里了
2025-12-24 15:54:07,我不吃肉_🥩,wxid_1780167803011,鸿学院短线交流群,24832362572@chatroom,你还有啥不满意
2025-12-24 15:54:24,我不吃肉_🥩,wxid_1780167803011,鸿学院短线交流群,24832362572@chatroom,现在轮到欧美闭关锁国了
2025-12-24 15:54:50,周靖,wxid_euc4z13ova5321,鸿学院短线交流群,24832362572@chatroom,历史有延续性，需要大家共同努力，主席也是要团结一切可团结的力量
2025-12-24 15:55:44,目标是人机好猎手的苟活天命,youlian494847,鸿学院短线交流群,24832362572@chatroom,"> 我不吃肉_🥩(wxid_1780167803011) 12-24 15:54:07
> 你还有啥不满意
虽然我说这话有点那个，但是贫富差距越来越大了也是事实"
2025-12-24 15:58:02,我不吃肉_🥩,wxid_1780167803011,鸿学院短线交流群,24832362572@chatroom,"> 目标是人机好猎手的苟活天命(youlian494847) 12-24 15:55:44
> > [引用]
> 虽然我说这话有点那个，但是贫富差距越来越大了也是事实
每个王朝都是贫富差距越来越大的，周而复始"
2025-12-24 15:58:51,目标是人机好猎手的苟活天命,youlian494847,鸿学院短线交流群,24832362572@chatroom,"> 我不吃肉_🥩(wxid_1780167803011) 12-24 15:58:02
> > [引用]
> 每个王朝都是贫富差距越来越大的，周而复始
我们不是封建主义王朝"
2025-12-24 15:59:30,目标是人机好猎手的苟活天命,youlian494847,鸿学院短线交流群,24832362572@chatroom,我们的目标是共产主义，忘了吗？社会主义初级阶段如果就走到了封建王朝的衰落期，那还玩什么呢
2025-12-24 16:01:08,周靖,wxid_euc4z13ova5321,鸿学院短线交流群,24832362572@chatroom,这是资本的特点，资本会无限聚集且异化人，没人能挡得住，而要发展就必须有资本聚集，只能选择如何取舍，国营企业承担社会基础建设控制资本失控，民营经济覆盖社会需求，引进外资作为发展助力，三位一体，非常符合三生万物的道理，这是邓设计的经济运行框架，现在看看结果，不好吗？
2025-12-24 16:01:53,陈蕊,wxid_e1ucnjs4f4z622,鸿学院短线交流群,24832362572@chatroom,现在据说外资撤退了很多
2025-12-24 16:02:49,我不吃肉_🥩,wxid_1780167803011,鸿学院短线交流群,24832362572@chatroom,"> 目标是人机好猎手的苟活天命(youlian494847) 12-24 15:59:30
> 我们的目标是共产主义，忘了吗？社会主义初级阶段如果就走到了封建王朝的衰落期，那还玩什么呢
别纠结主义，  苏联也是这样"
2025-12-24 16:03:54,执弦,wxid_svy6cxx4nlil22,鸿学院短线交流群,24832362572@chatroom,你不会以为m时期是闭关锁国吧？
2025-12-24 16:04:32,,wxid_az1b2y23mssh21,鸿学院短线交流群,24832362572@chatroom,"![图片](http://localhost:5030/image/923cb73838bbb16a0e185ecec3651f72,msg\attach\1880bf501b52415609806d60fdc5a343\2025-12\Img\882f652e01ce35c98d9371ffda2dbc38)"
2025-12-24 16:05:58,周靖,wxid_euc4z13ova5321,鸿学院短线交流群,24832362572@chatroom,外资撤了来，来了撤，都是常态，其实还是很稳定的，我国有外资准入制度，非常严格，不是你想来就能来，为啥外资要来，因为过去20年，我国能给他们接近20%的超级回报率啊
2025-12-24 16:06:44,周靖,wxid_euc4z13ova5321,鸿学院短线交流群,24832362572@chatroom,再说现在撤走的，相当一部分是干不过中国企业被打跑了
2025-12-24 16:07:24,二月半·妈妈不让我和傻子说话,wxid_76gxa4814bjk41,鸿学院短线交流群,24832362572@chatroom,只能说教员一走，左派战斗力智商太弱被碾压
2025-12-24 16:07:50,,wxid_az1b2y23mssh21,鸿学院短线交流群,24832362572@chatroom,![动画表情]()
2025-12-24 16:07:49,秋叶,wxid_1027410274412,鸿学院短线交流群,24832362572@chatroom,[链接|丢脸丢大了 爱泼斯坦文件涂黑被网友轻松还原了 #爱泼斯坦](https://m.toutiao.com/video/7587256503598972947/?app=news_article&category_new=kHorizontalCardCategoryID&module_name=iOS_tt_others&req_id_new=20251224160257392D3322A79124A4D294&share_did=MS4wLjACAAAAPW2Ybo0PiMkzrQhhJDp-WqVJqVUQExvdcFbPeZp_io7dAM6A18SW3pzn4DOnQm02&share_token=9f75a126-e09f-11f0-b668-429f2b1cd6f4&share_uid=MS4wLjABAAAANgP6Gzb94VvyeRMiJk8_KFJ9sJNvUe5T-j2poVCEpllDpV2aQRTLp9yPaJhEE2rf&timestamp=1766563662&tt_from=wechat&upstream_biz=iOS_wechat&utm_campaign=client_share&utm_medium=toutiao_ios&utm_source=wechat&tt_from=weixin&utm_source=weixin&utm_medium=toutiao_ios&utm_campaign=client_share&wxshare_count=1)
2025-12-24 16:07:51,二月半·妈妈不让我和傻子说话,wxid_76gxa4814bjk41,鸿学院短线交流群,24832362572@chatroom,成王败寇，但吹捧资大可不必
2025-12-24 16:08:08,二月半·妈妈不让我和傻子说话,wxid_76gxa4814bjk41,鸿学院短线交流群,24832362572@chatroom,本来中国人有机会跳出周期律的
2025-12-24 16:09:33,二月半·妈妈不让我和傻子说话,wxid_76gxa4814bjk41,鸿学院短线交流群,24832362572@chatroom,可以摆烂，但不要比烂还觉得理所当然
2025-12-24 16:09:37,周靖,wxid_euc4z13ova5321,鸿学院短线交流群,24832362572@chatroom,毛邓做的事都是符合历史规律的，他们首先能看清楚这一点，才能顺势而为，所以才能成功，我们还需要好好学习，看清历史脉络，才能明白什么是正确的做法
2025-12-24 16:10:25,,wxid_az1b2y23mssh21,鸿学院短线交流群,24832362572@chatroom,"> wxid_76gxa4814bjk41 12-24 16:08:08
> 本来中国人有机会跳出周期律的
这句话挺沉重的"
2025-12-24 16:10:46,周靖,wxid_euc4z13ova5321,鸿学院短线交流群,24832362572@chatroom,如果能跳出周期律，也不是这一百年，所以老老实实跟着大势走吧，不然你我在这儿炒金炒银，能赚钱吗？
2025-12-24 16:11:08,陈蕊,wxid_e1ucnjs4f4z622,鸿学院短线交流群,24832362572@chatroom,普通人肯定跟大势走呀
2025-12-24 16:11:14,陈蕊,wxid_e1ucnjs4f4z622,鸿学院短线交流群,24832362572@chatroom,不然还能逆势？
2025-12-24 16:11:59,二月半·妈妈不让我和傻子说话,wxid_76gxa4814bjk41,鸿学院短线交流群,24832362572@chatroom,赚什么钱不是赚，又不是非赚这份投机的钱
2025-12-24 16:12:13,周靖,wxid_euc4z13ova5321,鸿学院短线交流群,24832362572@chatroom,毛邓也得顺大势走啊，没人能逆势
2025-12-24 16:12:41,,系统消息,鸿学院短线交流群,24832362572@chatroom,"""二月半·妈妈不让我和傻子说话"" 撤回了一条消息"
2025-12-24 16:12:56,二月半·妈妈不让我和傻子说话,wxid_76gxa4814bjk41,鸿学院短线交流群,24832362572@chatroom,有机会赚星辰大海的钱，谁稀罕这种对人类进程毫无意义的钱
2025-12-24 16:13:40,陈蕊,wxid_e1ucnjs4f4z622,鸿学院短线交流群,24832362572@chatroom,金融好像都对人类进程没啥意义吧，炒二级市场这些[流泪]
2025-12-24 16:16:31,王静👸🏻🐶,wxid_5227882281012,鸿学院短线交流群,24832362572@chatroom,"> 兔子(nwj494279097) 12-24 15:53:06
> 铂金金条不卖给个人的吗
没有啊。融通金就有个人可以买。"
2025-12-24 16:16:40,王迅,wxid_wkp11bmhfqpw22,鸿学院短线交流群,24832362572@chatroom,增加流动性，市场化配置资源
2025-12-24 16:17:36,始光,wxid_gqycod10z2dr22,鸿学院短线交流群,24832362572@chatroom,人民币要破七了，结汇是不是要加速了
2025-12-24 16:17:54,我不吃肉_🥩,wxid_1780167803011,鸿学院短线交流群,24832362572@chatroom,我的港股资产瑟瑟发抖🥶
2025-12-24 16:18:25,，健,wxid_l8xh4adyc3vc22,鸿学院短线交流群,24832362572@chatroom,"> 我不吃肉_🥩(wxid_1780167803011) 12-24 16:17:54
> 我的港股资产瑟瑟发抖🥶
港股只要是内地的就没事嘛"
2025-12-24 16:18:37,我不吃肉_🥩,wxid_1780167803011,鸿学院短线交流群,24832362572@chatroom,"> 始光(wxid_gqycod10z2dr22) 12-24 16:17:36
> 人民币要破七了，结汇是不是要加速了
加速，翟东升说6.8到了能一瞬间干到6"
2025-12-24 16:18:59,我不吃肉_🥩,wxid_1780167803011,鸿学院短线交流群,24832362572@chatroom,"> ，健(wxid_l8xh4adyc3vc22) 12-24 16:18:25
> > [引用]
> 港股只要是内地的就没事嘛
卖了要两天才能结汇啊[流泪]"
2025-12-24 16:19:58,周靖,wxid_euc4z13ova5321,鸿学院短线交流群,24832362572@chatroom,不会那么快，美元指数很快会升回100以上的
2025-12-24 16:20:25,王静👸🏻🐶,wxid_5227882281012,鸿学院短线交流群,24832362572@chatroom,"> 我不吃肉_🥩(wxid_1780167803011) 12-24 16:17:54
> 我的港股资产瑟瑟发抖🥶
[偷笑]我也不少。公司内地的，躺着等均值回归。"
2025-12-24 16:20:26,陈蕊,wxid_e1ucnjs4f4z622,鸿学院短线交流群,24832362572@chatroom,"> 周靖(wxid_euc4z13ova5321) 12-24 16:19:58
> 不会那么快，美元指数很快会升回100以上的
那金银不是要跌了，美元指数升的话"
2025-12-24 16:20:39,，健,wxid_l8xh4adyc3vc22,鸿学院短线交流群,24832362572@chatroom,[Emm]我大A手里都是资源，人民币升值了，不见的我手里的票涨啊
2025-12-24 16:20:51,我不吃肉_🥩,wxid_1780167803011,鸿学院短线交流群,24832362572@chatroom,主要是还套了1%个点
2025-12-24 16:21:05,我不吃肉_🥩,wxid_1780167803011,鸿学院短线交流群,24832362572@chatroom,手里目前唯一被套的[流泪]
2025-12-24 16:22:02,陈蕊,wxid_e1ucnjs4f4z622,鸿学院短线交流群,24832362572@chatroom,港太差了，表现太差了
2025-12-24 16:22:13,王静👸🏻🐶,wxid_5227882281012,鸿学院短线交流群,24832362572@chatroom,"> 我不吃肉_🥩(wxid_1780167803011) 12-24 16:21:05
> 手里目前唯一被套的[流泪]
[握手]一样。"
2025-12-24 16:22:24,我不吃肉_🥩,wxid_1780167803011,鸿学院短线交流群,24832362572@chatroom,电力被套了[捂脸]
2025-12-24 16:22:37,兔子,nwj494279097,鸿学院短线交流群,24832362572@chatroom,"> 王静👸🏻🐶(wxid_5227882281012) 12-24 16:16:31
> > [引用]
> 没有啊。融通金就有个人可以买。
谢谢 铂金金条也是比较紧俏"
2025-12-24 16:22:51,我不吃肉_🥩,wxid_1780167803011,鸿学院短线交流群,24832362572@chatroom,我还想整个防御板块玩进攻 防御跷跷板来着
2025-12-24 16:22:53,兔子,nwj494279097,鸿学院短线交流群,24832362572@chatroom,"> 陈蕊(wxid_e1ucnjs4f4z622) 12-24 16:22:02
> 港太差了，表现太差了
它是流动性的风向标"
2025-12-24 16:23:11,陈蕊,wxid_e1ucnjs4f4z622,鸿学院短线交流群,24832362572@chatroom,根本没有流动性，港股交易量很小
2025-12-24 16:23:14,我不吃肉_🥩,wxid_1780167803011,鸿学院短线交流群,24832362572@chatroom,"> 兔子(nwj494279097) 12-24 16:22:53
> > [引用]
> 它是流动性的风向标
流动性差才能给机会"
2025-12-24 16:23:27,兔子,nwj494279097,鸿学院短线交流群,24832362572@chatroom,前一段时间，所有的债都在跌 只有中在涨
2025-12-24 16:23:29,我不吃肉_🥩,wxid_1780167803011,鸿学院短线交流群,24832362572@chatroom,每年拿分红真香[抠鼻]
2025-12-24 16:24:05,兔子,nwj494279097,鸿学院短线交流群,24832362572@chatroom,所以，我推断，外资应该是部分规避日元下跌，然后转投了中债
2025-12-24 16:24:16,兔子,nwj494279097,鸿学院短线交流群,24832362572@chatroom,而随之推高的是人民币的汇率
2025-12-24 16:24:33,兔子,nwj494279097,鸿学院短线交流群,24832362572@chatroom,这两天中债又走下跌的迹象了 
2025-12-24 16:24:38,陈蕊,wxid_e1ucnjs4f4z622,鸿学院短线交流群,24832362572@chatroom,难道外资认为，中债最靠谱
2025-12-24 16:24:40,王静👸🏻🐶,wxid_5227882281012,鸿学院短线交流群,24832362572@chatroom,"> 我不吃肉_🥩(wxid_1780167803011) 12-24 16:23:14
> > [引用]
> 流动性差才能给机会
对"
2025-12-24 16:24:48,兔子,nwj494279097,鸿学院短线交流群,24832362572@chatroom,推测套利资金开始撤退了
2025-12-24 16:24:59,兔子,nwj494279097,鸿学院短线交流群,24832362572@chatroom,就是套利
2025-12-24 16:25:00,陈蕊,wxid_e1ucnjs4f4z622,鸿学院短线交流群,24832362572@chatroom,如果港股再这样，我决定入点港股了
2025-12-24 16:25:12,陈蕊,wxid_e1ucnjs4f4z622,鸿学院短线交流群,24832362572@chatroom,已经到年线了，快到了
2025-12-24 16:25:32,兔子,nwj494279097,鸿学院短线交流群,24832362572@chatroom,得有流动性释放出来
2025-12-24 16:25:50,龙飞,xiaoxiao091957,鸿学院短线交流群,24832362572@chatroom,抛售国债是不是上涨啊
2025-12-24 16:25:58,兔子,nwj494279097,鸿学院短线交流群,24832362572@chatroom,日经如果不坚挺 还轮不到港 我们每次似乎是走在日经的屁股后面
2025-12-24 16:26:04,我不吃肉_🥩,wxid_1780167803011,鸿学院短线交流群,24832362572@chatroom,"> 王静👸🏻🐶(wxid_5227882281012) 12-24 16:24:40
> > [引用]
> 对
但是没有仓位给他了，手里全是金银铜矿"
2025-12-24 16:26:07,兔子,nwj494279097,鸿学院短线交流群,24832362572@chatroom,"> 龙飞(xiaoxiao091957) 12-24 16:25:50
> 抛售国债是不是上涨啊
价格跌"
2025-12-24 16:26:39,兔子,nwj494279097,鸿学院短线交流群,24832362572@chatroom,港股外资喜好调查  基本是科技股
2025-12-24 16:26:49,我不吃肉_🥩,wxid_1780167803011,鸿学院短线交流群,24832362572@chatroom,在外中资加速回流呢？
2025-12-24 16:26:53,，健,wxid_l8xh4adyc3vc22,鸿学院短线交流群,24832362572@chatroom,明年大A有什么预判吗
2025-12-24 16:26:58,兔子,nwj494279097,鸿学院短线交流群,24832362572@chatroom,阿里 小米  美团  京东这些
2025-12-24 16:26:59,龙飞,xiaoxiao091957,鸿学院短线交流群,24832362572@chatroom,收益率上升
2025-12-24 16:27:14,兔子,nwj494279097,鸿学院短线交流群,24832362572@chatroom,就好像我们投美股 喜好7姐妹一样的道理
2025-12-24 16:27:30,陈蕊,wxid_e1ucnjs4f4z622,鸿学院短线交流群,24832362572@chatroom,小米别提了，跌跌不休
2025-12-24 16:27:33,兔子,nwj494279097,鸿学院短线交流群,24832362572@chatroom,所以，这些不起来，证明外资没有真正来港
2025-12-24 16:27:41,我不吃肉_🥩,wxid_1780167803011,鸿学院短线交流群,24832362572@chatroom,我觉得小米是垃圾
2025-12-24 16:27:57,兔子,nwj494279097,鸿学院短线交流群,24832362572@chatroom,几块钱起来的 赚的那一波已经走了
2025-12-24 16:27:59,陈蕊,wxid_e1ucnjs4f4z622,鸿学院短线交流群,24832362572@chatroom,"> 我不吃肉_🥩(wxid_1780167803011) 12-24 16:27:41
> 我觉得小米是垃圾
明年小米升到60了，也还不错"
2025-12-24 16:28:02,周靖,wxid_euc4z13ova5321,鸿学院短线交流群,24832362572@chatroom,金银大宗还会疯涨的，直到一个类似20年疫情的事件发生，这事恐怕很快了，反正我已经把股票都抛了
2025-12-24 16:28:02,龙飞,xiaoxiao091957,鸿学院短线交流群,24832362572@chatroom,是否现在就是买入机会
2025-12-24 16:28:15,兔子,nwj494279097,鸿学院短线交流群,24832362572@chatroom,"> ，健(wxid_l8xh4adyc3vc22) 12-24 16:26:53
> 明年大A有什么预判吗
涨"
2025-12-24 16:28:26,兔子,nwj494279097,鸿学院短线交流群,24832362572@chatroom,逻辑很简单 明年肯定是放水年
2025-12-24 16:28:32,我不吃肉_🥩,wxid_1780167803011,鸿学院短线交流群,24832362572@chatroom,"> 陈蕊(wxid_e1ucnjs4f4z622) 12-24 16:27:59
> > [引用]
> 明年小米升到60了，也还不错
雷军国度营销了吧"
2025-12-24 16:28:34,兔子,nwj494279097,鸿学院短线交流群,24832362572@chatroom,开了头 就止不住
2025-12-24 16:28:43,周靖,wxid_euc4z13ova5321,鸿学院短线交流群,24832362572@chatroom,只留点金银吃点尾巴，也得赶紧跑
2025-12-24 16:28:47,我不吃肉_🥩,wxid_1780167803011,鸿学院短线交流群,24832362572@chatroom,"> 兔子(nwj494279097) 12-24 16:28:34
> 开了头 就止不住
全世界都在放水"
2025-12-24 16:28:54,🍄,wxid_obev4hy7onw822,鸿学院短线交流群,24832362572@chatroom,铂钯怎么看。也被实物轧空了吗？
2025-12-24 16:29:02,王静👸🏻🐶,wxid_5227882281012,鸿学院短线交流群,24832362572@chatroom,未来半年有五年定期存款二三十万亿放出来[呲牙]
2025-12-24 16:29:03,陈蕊,wxid_e1ucnjs4f4z622,鸿学院短线交流群,24832362572@chatroom,这个看你怎么看，空头做空的时候就说过度营销
2025-12-24 16:29:17,陈蕊,wxid_e1ucnjs4f4z622,鸿学院短线交流群,24832362572@chatroom,上涨的时候就没人提过度营销了
2025-12-24 16:29:24,我不吃肉_🥩,wxid_1780167803011,鸿学院短线交流群,24832362572@chatroom,"> 陈蕊(wxid_e1ucnjs4f4z622) 12-24 16:29:03
> 这个看你怎么看，空头做空的时候就说过度营销
我一直不喜欢小米[抠鼻]"
2025-12-24 16:29:28,陈蕊,wxid_e1ucnjs4f4z622,鸿学院短线交流群,24832362572@chatroom,涨跌都有故事
2025-12-24 16:29:37,我不吃肉_🥩,wxid_1780167803011,鸿学院短线交流群,24832362572@chatroom,什么玩意他都做，全是贴牌代工
2025-12-24 16:29:40,我不吃肉_🥩,wxid_1780167803011,鸿学院短线交流群,24832362572@chatroom,有什么好的
2025-12-24 16:29:40,陈蕊,wxid_e1ucnjs4f4z622,鸿学院短线交流群,24832362572@chatroom,投资嘛，别带情绪嘛
2025-12-24 16:29:42,王静👸🏻🐶,wxid_5227882281012,鸿学院短线交流群,24832362572@chatroom,"> 我不吃肉_🥩(wxid_1780167803011) 12-24 16:29:24
> > [引用]
> 我一直不喜欢小米[抠鼻]
[偷笑]，又是一样"
2025-12-24 16:29:49,，健,wxid_l8xh4adyc3vc22,鸿学院短线交流群,24832362572@chatroom,那我去买沪深300了
2025-12-24 16:29:59,兔子,nwj494279097,鸿学院短线交流群,24832362572@chatroom,而且这段时间贵金属的上涨我觉得更多是美联储的短债购买在起作用。 不过没有看数据 要去看看资产负债表
2025-12-24 16:30:05,我不吃肉_🥩,wxid_1780167803011,鸿学院短线交流群,24832362572@chatroom,"> 王静👸🏻🐶(wxid_5227882281012) 12-24 16:29:42
> > [引用]
> [偷笑]，又是一样
没带情绪，价值取向"
2025-12-24 16:30:09,兔子,nwj494279097,鸿学院短线交流群,24832362572@chatroom,看看扩大到了什么规模
2025-12-24 16:30:12,陈蕊,wxid_e1ucnjs4f4z622,鸿学院短线交流群,24832362572@chatroom,能赚钱的公司就好呀，你管它贴牌不贴牌，消费者喜欢买就行
2025-12-24 16:30:27,陈蕊,wxid_e1ucnjs4f4z622,鸿学院短线交流群,24832362572@chatroom,"> 兔子(nwj494279097) 12-24 16:29:59
> 而且这段时间贵金属的上涨我觉得更多是美联储的短债购买在起作用。 不过没有看数据 要去看看资产负债表
QE吗"
2025-12-24 16:30:34,兔子,nwj494279097,鸿学院短线交流群,24832362572@chatroom,嗯
2025-12-24 16:30:55,陈蕊,wxid_e1ucnjs4f4z622,鸿学院短线交流群,24832362572@chatroom,大A也是涨了很多
2025-12-24 16:31:02,陈蕊,wxid_e1ucnjs4f4z622,鸿学院短线交流群,24832362572@chatroom,美股也涨，这段时间
2025-12-24 16:31:02,我不吃肉_🥩,wxid_1780167803011,鸿学院短线交流群,24832362572@chatroom,"> 兔子(nwj494279097) 12-24 16:30:34
> 嗯
怎么看卢麒元的速冻理论？"
2025-12-24 16:31:06,兔子,nwj494279097,鸿学院短线交流群,24832362572@chatroom,它的上涨节奏就是从12.11号之后贵金属全面开发
2025-12-24 16:31:10,兔子,nwj494279097,鸿学院短线交流群,24832362572@chatroom,开花
2025-12-24 16:31:37,兔子,nwj494279097,鸿学院短线交流群,24832362572@chatroom,这也是为啥没有砸盘的原因吧  我猜测 
2025-12-24 16:31:43,兔子,nwj494279097,鸿学院短线交流群,24832362572@chatroom,还是要看资产负债表
2025-12-24 16:31:54,兔子,nwj494279097,鸿学院短线交流群,24832362572@chatroom,"> 我不吃肉_🥩(wxid_1780167803011) 12-24 16:31:02
> > [引用]
> 怎么看卢麒元的速冻理论？
宋老师也说过"
2025-12-24 16:32:06,兔子,nwj494279097,鸿学院短线交流群,24832362572@chatroom,他们虽然逻辑不同，但是结果相同
2025-12-24 16:32:39,我不吃肉_🥩,wxid_1780167803011,鸿学院短线交流群,24832362572@chatroom,宋老师哪期课说过，来得晚没看到
2025-12-24 16:32:54,兔子,nwj494279097,鸿学院短线交流群,24832362572@chatroom,我得去翻 他说过
2025-12-24 16:33:28,龙飞,xiaoxiao091957,鸿学院短线交流群,24832362572@chatroom,那么现在黄金能入吗？还是持有现金
2025-12-24 16:33:30,周靖,wxid_euc4z13ova5321,鸿学院短线交流群,24832362572@chatroom,美国qe前必有大事，他越急事儿越大，不会比20年事儿小
2025-12-24 16:34:02,王迅,wxid_wkp11bmhfqpw22,鸿学院短线交流群,24832362572@chatroom,白银怎么看  涨的心慌
2025-12-24 16:34:05,周靖,wxid_euc4z13ova5321,鸿学院短线交流群,24832362572@chatroom,都这么干了多少回了
2025-12-24 16:34:26,我不吃肉_🥩,wxid_1780167803011,鸿学院短线交流群,24832362572@chatroom,我觉得人性角度，华尔街幕后的犹太人也要搞一波大危机出来，不然他们怎么收割？
2025-12-24 16:34:43,兔子,nwj494279097,鸿学院短线交流群,24832362572@chatroom,"> 王迅(wxid_wkp11bmhfqpw22) 12-24 16:34:02
> 白银怎么看  涨的心慌
你赚了怕啥呢"
2025-12-24 16:34:44,涓涓细流(不吃辣椒),wxid_d68i2ykf2w6c22,鸿学院短线交流群,24832362572@chatroom,"> 周靖(wxid_euc4z13ova5321) 12-24 16:33:30
> 美国qe前必有大事，他越急事儿越大，不会比20年事儿小
打委瑞内拉，出师要有名"
2025-12-24 16:35:29,涓涓细流(不吃辣椒),wxid_d68i2ykf2w6c22,鸿学院短线交流群,24832362572@chatroom,20年新冠当了背锅侠
2025-12-24 16:36:05,陈蕊,wxid_e1ucnjs4f4z622,鸿学院短线交流群,24832362572@chatroom,也就是说，事大，卖股票，投金银是吧
2025-12-24 16:37:13,周靖,wxid_euc4z13ova5321,鸿学院短线交流群,24832362572@chatroom,打委内瑞拉算啥大事，至少是俄国打到德国，中国灭日本这种级别吧，当然也未必都是军事行动，搞不好在撒一次毒也有可能，总之老美真不是人
2025-12-24 16:38:02,我不吃肉_🥩,wxid_1780167803011,鸿学院短线交流群,24832362572@chatroom,如果金银铜是价值回归，在通胀的背景下，港口，公路这些资产会不会有一个快速补涨的阶段呢？
2025-12-24 16:38:33,兔子,nwj494279097,鸿学院短线交流群,24832362572@chatroom,有
2025-12-24 16:39:24,兔子,nwj494279097,鸿学院短线交流群,24832362572@chatroom,宋老师有一个核心课。专门讲QE
2025-12-24 16:39:44,兔子,nwj494279097,鸿学院短线交流群,24832362572@chatroom,可怜了老百姓
2025-12-24 16:39:50,陈蕊,wxid_e1ucnjs4f4z622,鸿学院短线交流群,24832362572@chatroom,"> 兔子(nwj494279097) 12-24 16:39:24
> 宋老师有一个核心课。专门讲QE
我去听听"
2025-12-24 16:40:15,陈蕊,wxid_e1ucnjs4f4z622,鸿学院短线交流群,24832362572@chatroom,如果通胀了，钱不值钱了，普通人能做的就是囤金自保了
2025-12-24 16:40:42,🍄,wxid_obev4hy7onw822,鸿学院短线交流群,24832362572@chatroom,通胀不可怕 流动性危机才可怕
2025-12-24 16:40:47,太阳花🌻,ml435212540,鸿学院短线交流群,24832362572@chatroom,物价也上涨，居民消费能力会不会更弱了
2025-12-24 16:41:02,我不吃肉_🥩,wxid_1780167803011,鸿学院短线交流群,24832362572@chatroom,也就是说曾经投资的固定资产会大幅升值
2025-12-24 16:41:05,周靖,wxid_euc4z13ova5321,鸿学院短线交流群,24832362572@chatroom,肯定是全球经济要熔断一次的
2025-12-24 16:41:24,龙飞,xiaoxiao091957,鸿学院短线交流群,24832362572@chatroom,放水有的时候不会当时就显现出来，陆续陆续几年
2025-12-24 16:41:26,周靖,wxid_euc4z13ova5321,鸿学院短线交流群,24832362572@chatroom,不然美国没法qe-贬值-化债
2025-12-24 16:41:45,周靖,wxid_euc4z13ova5321,鸿学院短线交流群,24832362572@chatroom,这时候金银也会又一次暴跌
2025-12-24 16:42:06,龙飞,xiaoxiao091957,鸿学院短线交流群,24832362572@chatroom,就像清明节那次
2025-12-24 16:42:09,周靖,wxid_euc4z13ova5321,鸿学院短线交流群,24832362572@chatroom,大家看看08年那次的美股和黄金的K线图
2025-12-24 16:42:18,兔子,nwj494279097,鸿学院短线交流群,24832362572@chatroom,通胀宋老师有观测的两个最直接的指标
2025-12-24 16:42:39,周靖,wxid_euc4z13ova5321,鸿学院短线交流群,24832362572@chatroom,总之早点跑，等金跌回6/700，再接回来
2025-12-24 16:42:45,兔子,nwj494279097,鸿学院短线交流群,24832362572@chatroom,美元流动性 和 美元长期利率 也就是10年期美债
2025-12-24 16:43:05,龙飞,xiaoxiao091957,鸿学院短线交流群,24832362572@chatroom,到不了六七百吧
2025-12-24 16:43:21,兔子,nwj494279097,鸿学院短线交流群,24832362572@chatroom,他说，如果放水，资金会先流入到回报性高的金融体系 
2025-12-24 16:43:29,兔子,nwj494279097,鸿学院短线交流群,24832362572@chatroom,而不是流入实体
2025-12-24 16:43:35,龙飞,xiaoxiao091957,鸿学院短线交流群,24832362572@chatroom,顶多百分之一二十回撤
2025-12-24 16:43:40,周靖,wxid_euc4z13ova5321,鸿学院短线交流群,24832362572@chatroom,美国还是要大卖30年国债，只发短债，美元信用会快速丧失，我看美国未必甘心
2025-12-24 16:44:00,我不吃肉_🥩,wxid_1780167803011,鸿学院短线交流群,24832362572@chatroom,央行再买，金回撤不了太多
2025-12-24 16:44:17,兔子,nwj494279097,鸿学院短线交流群,24832362572@chatroom,这样会带来美元流动效率的降低 然后货币又超发   会通缩
2025-12-24 16:44:18,周靖,wxid_euc4z13ova5321,鸿学院短线交流群,24832362572@chatroom,就是危机来临，大家都去买美债，肯定借机大卖特卖
2025-12-24 16:44:49,目标是人机好猎手的苟活天命,youlian494847,鸿学院短线交流群,24832362572@chatroom,"> 二月半·妈妈不让我和傻子说话(wxid_76gxa4814bjk41) 12-24 16:07:24
> 只能说教员一走，左派战斗力智商太弱被碾压
我看是因为实干的人精力都用在了干活上，垃圾不想干活只能琢磨折腾人了"
2025-12-24 16:44:53,张程,wxid_bgi8iyyihud422,鸿学院短线交流群,24832362572@chatroom,我觉得哈
2025-12-24 16:45:06,🍄,wxid_obev4hy7onw822,鸿学院短线交流群,24832362572@chatroom,"> 龙飞(xiaoxiao091957) 12-24 16:42:06
> 就像清明节那次
你头像是你本人吗"
2025-12-24 16:45:10,张程,wxid_bgi8iyyihud422,鸿学院短线交流群,24832362572@chatroom,大家对未来趋势研究如果变量太多，不知道怎么把握
2025-12-24 16:45:18,张程,wxid_bgi8iyyihud422,鸿学院短线交流群,24832362572@chatroom,其实有个简单的方法
2025-12-24 16:45:20,龙飞,xiaoxiao091957,鸿学院短线交流群,24832362572@chatroom,我儿子
2025-12-24 16:45:30,陈蕊,wxid_e1ucnjs4f4z622,鸿学院短线交流群,24832362572@chatroom,六七百的金？
2025-12-24 16:45:50,陈蕊,wxid_e1ucnjs4f4z622,鸿学院短线交流群,24832362572@chatroom,那不是3200美元左右了嘛
2025-12-24 16:45:57,🍄,wxid_obev4hy7onw822,鸿学院短线交流群,24832362572@chatroom,哦哦哦 我还说群友看着好年轻[破涕为笑]
2025-12-24 16:45:59,陈蕊,wxid_e1ucnjs4f4z622,鸿学院短线交流群,24832362572@chatroom,跌2000美元这么多
2025-12-24 16:46:12,张程,wxid_bgi8iyyihud422,鸿学院短线交流群,24832362572@chatroom,那就是看最近一次中央经济工作会议
2025-12-24 16:46:13,张程,wxid_bgi8iyyihud422,鸿学院短线交流群,24832362572@chatroom,内容
2025-12-24 16:46:18,龙飞,xiaoxiao091957,鸿学院短线交流群,24832362572@chatroom,冲对基金解杠杆，国债，金都下跌，万物俱下
2025-12-24 16:46:21,张程,wxid_bgi8iyyihud422,鸿学院短线交流群,24832362572@chatroom,对未来趋势判断
2025-12-24 16:47:46,陈蕊,wxid_e1ucnjs4f4z622,鸿学院短线交流群,24832362572@chatroom,"> 龙飞(xiaoxiao091957) 12-24 16:46:18
> 冲对基金解杠杆，国债，金都下跌，万物俱下
天天这么吓自己，然后结果天天涨"
2025-12-24 16:48:04,陈蕊,wxid_e1ucnjs4f4z622,鸿学院短线交流群,24832362572@chatroom,这次无论如何，我都要买点底仓放着
2025-12-24 16:48:17,兔子,nwj494279097,鸿学院短线交流群,24832362572@chatroom,金属今年的上涨冲击了好多实业
2025-12-24 16:48:30,周靖,wxid_euc4z13ova5321,鸿学院短线交流群,24832362572@chatroom,那就对了，危机前都是大涨的，每次都是
2025-12-24 16:49:03,陈蕊,wxid_e1ucnjs4f4z622,鸿学院短线交流群,24832362572@chatroom,"> 兔子(nwj494279097) 12-24 16:48:17
> 金属今年的上涨冲击了好多实业
我就说工厂都懵逼了，这个涨幅没办法做了"
2025-12-24 16:49:21,目标是人机好猎手的苟活天命,youlian494847,鸿学院短线交流群,24832362572@chatroom,"> 陈蕊(wxid_e1ucnjs4f4z622) 12-24 16:48:04
> 这次无论如何，我都要买点底仓放着
你积存金要投了？"
2025-12-24 16:49:37,陈蕊,wxid_e1ucnjs4f4z622,鸿学院短线交流群,24832362572@chatroom,现在这个价格，还没投
2025-12-24 16:49:44,兔子,nwj494279097,鸿学院短线交流群,24832362572@chatroom,"> 陈蕊(wxid_e1ucnjs4f4z622) 12-24 16:49:03
> > [引用]
> 我就说工厂都懵逼了，这个涨幅没办法做了
停产了好多"
2025-12-24 16:50:11,目标是人机好猎手的苟活天命,youlian494847,鸿学院短线交流群,24832362572@chatroom,![动画表情](http://wxapp.tc.qq.com/275/20304/stodownload?m=f0fae21e2aea31d89db34716555a2383&filekey=30350201010421301f02020113040253480410f0fae21e2aea31d89db34716555a2383020300a8a7040d00000004627466730000000132&hy=SH&storeid=26479b1120002d1a6000000000000011300004f5053480fa418b0b6874a49b&bizid=1023)
2025-12-24 16:50:21,陈蕊,wxid_e1ucnjs4f4z622,鸿学院短线交流群,24832362572@chatroom,生产干嘛，还不如去跟着炒期货是吧
2025-12-24 16:50:26,兔子,nwj494279097,鸿学院短线交流群,24832362572@chatroom,这样会全民搞金融
2025-12-24 16:50:50,陈蕊,wxid_e1ucnjs4f4z622,鸿学院短线交流群,24832362572@chatroom,对呀，实业不赚钱嘛
2025-12-24 16:51:20,兔子,nwj494279097,鸿学院短线交流群,24832362572@chatroom,但是认知还是有差异。好多人说金属是资金炒作
2025-12-24 16:51:55,兔子,nwj494279097,鸿学院短线交流群,24832362572@chatroom,是不是呢 变相的看也算 钱多了没有地方去。那自然去这些抗通胀的地方
2025-12-24 16:52:25,陈蕊,wxid_e1ucnjs4f4z622,鸿学院短线交流群,24832362572@chatroom,应该说，钱多了，实业不赚钱，都去搞这些去了
2025-12-24 16:52:37,陈蕊,wxid_e1ucnjs4f4z622,鸿学院短线交流群,24832362572@chatroom,但凡实业有点前途，也不至于这样
2025-12-24 16:52:42,我不吃肉_🥩,wxid_1780167803011,鸿学院短线交流群,24832362572@chatroom,钱多东西少
2025-12-24 16:53:01,兔子,nwj494279097,鸿学院短线交流群,24832362572@chatroom,这还只是小试牛刀。如果真正美元环流反转 那不得了
2025-12-24 16:53:20,我不吃肉_🥩,wxid_1780167803011,鸿学院短线交流群,24832362572@chatroom,其实大家也没想炒啊，奈何钱发的太多了
2025-12-24 16:53:38,陈蕊,wxid_e1ucnjs4f4z622,鸿学院短线交流群,24832362572@chatroom,大家还是害怕，自己手里的钱贬值
2025-12-24 16:53:43,翁丽娜,wxid_88ceo9vhicie22,鸿学院短线交流群,24832362572@chatroom,对 你不参加 钱就会被稀释
2025-12-24 16:53:46,翁丽娜,wxid_88ceo9vhicie22,鸿学院短线交流群,24832362572@chatroom,哎
2025-12-24 16:54:07,陈蕊,wxid_e1ucnjs4f4z622,鸿学院短线交流群,24832362572@chatroom,其实这个很无奈，普通人辛苦存的钱，然后发现购买了越来越差
2025-12-24 16:54:21,我不吃肉_🥩,wxid_1780167803011,鸿学院短线交流群,24832362572@chatroom,中国通缩，感觉不到[捂脸]
2025-12-24 16:54:38,陈蕊,wxid_e1ucnjs4f4z622,鸿学院短线交流群,24832362572@chatroom,猪肉是通缩的
2025-12-24 16:54:42,龙飞,xiaoxiao091957,鸿学院短线交流群,24832362572@chatroom,流动性危机持有现金抄底优质资产
2025-12-24 16:54:44,兔子,nwj494279097,鸿学院短线交流群,24832362572@chatroom,央妈还没有开始啊
2025-12-24 16:54:45,陈蕊,wxid_e1ucnjs4f4z622,鸿学院短线交流群,24832362572@chatroom,结构性通缩吧
2025-12-24 16:55:02,我不吃肉_🥩,wxid_1780167803011,鸿学院短线交流群,24832362572@chatroom,"> 兔子(nwj494279097) 12-24 16:54:44
> 央妈还没有开始啊
输入性通胀就很离谱了"
2025-12-24 16:55:05,兔子,nwj494279097,鸿学院短线交流群,24832362572@chatroom,都是用逆回购在变相短期注水
2025-12-24 16:55:22,兔子,nwj494279097,鸿学院短线交流群,24832362572@chatroom,注一次。大A涨几天
2025-12-24 16:55:41,陈蕊,wxid_e1ucnjs4f4z622,鸿学院短线交流群,24832362572@chatroom,明白了，跟伟哥的感觉差不多
2025-12-24 16:55:48,陈蕊,wxid_e1ucnjs4f4z622,鸿学院短线交流群,24832362572@chatroom,伟哥吃多了，最后人都不行了
2025-12-24 16:55:58,太阳花🌻,ml435212540,鸿学院短线交流群,24832362572@chatroom,大A都震荡好久了
2025-12-24 16:56:12,陈蕊,wxid_e1ucnjs4f4z622,鸿学院短线交流群,24832362572@chatroom,"> 太阳花🌻(ml435212540) 12-24 16:55:58
> 大A都震荡好久了
最近一直涨呀"
2025-12-24 16:56:12,太阳花🌻,ml435212540,鸿学院短线交流群,24832362572@chatroom,都是最近才好一点点
2025-12-24 16:56:12,我不吃肉_🥩,wxid_1780167803011,鸿学院短线交流群,24832362572@chatroom,问题是最近套现的都拿钱去哪里了？
2025-12-24 16:56:18,兔子,nwj494279097,鸿学院短线交流群,24832362572@chatroom,没有增量资金。只能这样
2025-12-24 16:56:28,兔子,nwj494279097,鸿学院短线交流群,24832362572@chatroom,贵金属啊
2025-12-24 16:56:28,太阳花🌻,ml435212540,鸿学院短线交流群,24832362572@chatroom,"> 陈蕊(wxid_e1ucnjs4f4z622) 12-24 16:56:12
> > [引用]
> 最近一直涨呀
就这几天哇"
2025-12-24 16:56:37,龙飞,xiaoxiao091957,鸿学院短线交流群,24832362572@chatroom,铂金掉了
2025-12-24 16:56:37,,系统消息,鸿学院短线交流群,24832362572@chatroom,"""三月半·老了卖你保健品"" 撤回了一条消息"
2025-12-24 16:56:58,兔子,nwj494279097,鸿学院短线交流群,24832362572@chatroom,"> 龙飞(xiaoxiao091957) 12-24 16:56:37
> 铂金掉了
不知道你们观察了没有"
2025-12-24 16:57:54,兔子,nwj494279097,鸿学院短线交流群,24832362572@chatroom,这几天的贵金属 白银和黄金跟着大盘 美盘 一起震荡
2025-12-24 16:58:07,我不吃肉_🥩,wxid_1780167803011,鸿学院短线交流群,24832362572@chatroom,"> 兔子(nwj494279097) 12-24 16:56:58
> > [引用]
> 不知道你们观察了没有
大A金矿严重跑输美股矿啊"
2025-12-24 16:58:38,聂雅珣,nieyaxun,鸿学院短线交流群,24832362572@chatroom,"> 兔子(nwj494279097) 12-24 16:57:54
> 这几天的贵金属 白银和黄金跟着大盘 美盘 一起震荡
之前一直有，有程序化卖盘，同一时间抛售"
2025-12-24 16:58:42,兔子,nwj494279097,鸿学院短线交流群,24832362572@chatroom,只有铂金和钯金没有
2025-12-24 16:58:55,我不吃肉_🥩,wxid_1780167803011,鸿学院短线交流群,24832362572@chatroom,"> 兔子(nwj494279097) 12-24 16:57:54
> 这几天的贵金属 白银和黄金跟着大盘 美盘 一起震荡
贵金属比美股抗跌多了"
2025-12-24 16:59:18,兔子,nwj494279097,鸿学院短线交流群,24832362572@chatroom,这个现象证明黄金 白银 美股 美债 是同频共振 在这几天
2025-12-24 16:59:38,兔子,nwj494279097,鸿学院短线交流群,24832362572@chatroom,只要铂金和钯金他们彼此相互同频震动
2025-12-24 16:59:51,兔子,nwj494279097,鸿学院短线交流群,24832362572@chatroom,所以，可以看出 资金哪些是同一批
2025-12-24 17:00:03,陈蕊,wxid_e1ucnjs4f4z622,鸿学院短线交流群,24832362572@chatroom,"> 兔子(nwj494279097) 12-24 16:59:18
> 这个现象证明黄金 白银 美股 美债 是同频共振 在这几天
是，我看金银跟美股涨跌一致"
2025-12-24 17:00:11,林捷-金银多,xiamenking,鸿学院短线交流群,24832362572@chatroom,@兔子 学霸沪银为什么比纽约银涨得好那么多？
2025-12-24 17:00:26,我不吃肉_🥩,wxid_1780167803011,鸿学院短线交流群,24832362572@chatroom,因为现货更少？
2025-12-24 17:00:33,陈蕊,wxid_e1ucnjs4f4z622,鸿学院短线交流群,24832362572@chatroom,沪银是不是国内量化在炒作
2025-12-24 17:00:46,兔子,nwj494279097,鸿学院短线交流群,24832362572@chatroom,人民币汇率影响 
2025-12-24 17:00:55,兔子,nwj494279097,鸿学院短线交流群,24832362572@chatroom,我认为
2025-12-24 17:01:03,林捷-金银多,xiamenking,鸿学院短线交流群,24832362572@chatroom,原来如此[抱拳][抱拳]谢谢！
2025-12-24 17:01:04,龙飞,xiaoxiao091957,鸿学院短线交流群,24832362572@chatroom,今天沪金增持 17 吨吗
2025-12-24 17:01:40,陈蕊,wxid_e1ucnjs4f4z622,鸿学院短线交流群,24832362572@chatroom,兔子姐，请问如何能学到你的水平，有什么建议给我这个小白吗
2025-12-24 17:01:51,兔子,nwj494279097,鸿学院短线交流群,24832362572@chatroom,听课啊[破涕为笑]
2025-12-24 17:02:00,陈蕊,wxid_e1ucnjs4f4z622,鸿学院短线交流群,24832362572@chatroom,听课就可以吗
2025-12-24 17:02:00,兔子,nwj494279097,鸿学院短线交流群,24832362572@chatroom,我只有笨蛋办法 就是反复听课
2025-12-24 17:02:16,兔子,nwj494279097,鸿学院短线交流群,24832362572@chatroom,把课当英文 磨耳朵一样的办法
2025-12-24 17:02:30,兔子,nwj494279097,鸿学院短线交流群,24832362572@chatroom,真的 听多了 好多东西自然链接打通
2025-12-24 17:02:55,陈蕊,wxid_e1ucnjs4f4z622,鸿学院短线交流群,24832362572@chatroom,收到，我看经过明年1年，我能涨多少水平，我得空就听，然后也多跟大家交流
2025-12-24 17:03:08,施宇,wxid_jbu4jm1f6jib41,鸿学院短线交流群,24832362572@chatroom,@兔子 兔子好，除了听宋老师的课，还听其他老师课来提升自己么
2025-12-24 17:03:16,太阳花🌻,ml435212540,鸿学院短线交流群,24832362572@chatroom,"> 陈蕊(wxid_e1ucnjs4f4z622) 12-24 17:02:55
> 收到，我看经过明年1年，我能涨多少水平，我得空就听，然后也多跟大家交流
每个月来核查一次"
2025-12-24 17:03:20,太阳花🌻,ml435212540,鸿学院短线交流群,24832362572@chatroom,[阴险]
2025-12-24 17:03:30,李漫澜,wxid_t7wlqivhradr22,鸿学院短线交流群,24832362572@chatroom,多看书同学们。
2025-12-24 17:04:48,陈蕊,wxid_e1ucnjs4f4z622,鸿学院短线交流群,24832362572@chatroom,会的，多看多听多学，某个时候可能就通了
2025-12-24 17:04:54,兔子,nwj494279097,鸿学院短线交流群,24832362572@chatroom,"> 施宇(wxid_jbu4jm1f6jib41) 12-24 17:03:08
> @兔子 兔子好，除了听宋老师的课，还听其他老师课来提升自己么
没有 每个老师的逻辑不一致 我听多了知识打架 好混乱"
2025-12-24 17:05:06,兔子,nwj494279097,鸿学院短线交流群,24832362572@chatroom,所以我就专注宋老师的知识结构
2025-12-24 17:05:26,施宇,wxid_jbu4jm1f6jib41,鸿学院短线交流群,24832362572@chatroom,"> 兔子(nwj494279097) 12-24 17:05:06
> 所以我就专注宋老师的知识结构
[强][握手][玫瑰]"
2025-12-24 17:06:30,目标是人机好猎手的苟活天命,youlian494847,鸿学院短线交流群,24832362572@chatroom,"> 兔子(nwj494279097) 12-24 16:59:38
> 只要铂金和钯金他们彼此相互同频震动
刚跌了是啥情况啊兔子姐"
2025-12-24 17:06:48,兔子,nwj494279097,鸿学院短线交流群,24832362572@chatroom,我始终觉得流动性影响
2025-12-24 17:07:01,兔子,nwj494279097,鸿学院短线交流群,24832362572@chatroom,今天还跟群里一个同学在聊日元
2025-12-24 17:07:09,兔子,nwj494279097,鸿学院短线交流群,24832362572@chatroom,"![图片](http://localhost:5030/image/7d896e4426d2a3633b667593f89a7bbf,msg\attach\1880bf501b52415609806d60fdc5a343\2025-12\Img\a434a37fb64f95b167ed19ac7f24acef)"
2025-12-24 17:07:17,陈蕊,wxid_e1ucnjs4f4z622,鸿学院短线交流群,24832362572@chatroom,今天要过节了，不是都平仓去过节了吧
2025-12-24 17:07:22,兔子,nwj494279097,鸿学院短线交流群,24832362572@chatroom,虽然涨幅没有回到跌幅的位置
2025-12-24 17:07:28,芦苇,wxid_v8napafgcead12,鸿学院短线交流群,24832362572@chatroom,"![图片](http://localhost:5030/image/ee04a4aec8ba8d05abe7e6536ed15005,msg\attach\1880bf501b52415609806d60fdc5a343\2025-12\Img\96ee65544fef298460a1c53251f9ace7)"
2025-12-24 17:07:31,兔子,nwj494279097,鸿学院短线交流群,24832362572@chatroom,但是这个反弹趋势看得出来
2025-12-24 17:12:21,周靖,wxid_euc4z13ova5321,鸿学院短线交流群,24832362572@chatroom,日元绝对被美国搞了，不是正常市场行为
2025-12-24 17:12:37,周靖,wxid_euc4z13ova5321,鸿学院短线交流群,24832362572@chatroom,日本真太乖了
2025-12-24 17:13:46,我不吃肉_🥩,wxid_1780167803011,鸿学院短线交流群,24832362572@chatroom,阳奉阴违的下台了[抠鼻]
2025-12-24 17:14:16,陈蕊,wxid_e1ucnjs4f4z622,鸿学院短线交流群,24832362572@chatroom,日本有什么牌吗，没有吧
2025-12-24 17:14:31,目标是人机好猎手的苟活天命,youlian494847,鸿学院短线交流群,24832362572@chatroom,"> 周靖(wxid_euc4z13ova5321) 12-24 17:12:37
> 日本真太乖了
活该，狗贼"
2025-12-24 17:15:34,陈蕊,wxid_e1ucnjs4f4z622,鸿学院短线交流群,24832362572@chatroom,我对日本的恨，这辈子是没办法不恨的了。旧账新账不断
2025-12-24 17:16:20,目标是人机好猎手的苟活天命,youlian494847,鸿学院短线交流群,24832362572@chatroom,"> 陈蕊(wxid_e1ucnjs4f4z622) 12-24 17:15:34
> 我对日本的恨，这辈子是没办法不恨的了。旧账新账不断
你咋了"
2025-12-24 17:16:39,目标是人机好猎手的苟活天命,youlian494847,鸿学院短线交流群,24832362572@chatroom,虽然我也讨厌，我被骗了很多年，我恼羞成怒ing
2025-12-24 17:16:52,我不吃肉_🥩,wxid_1780167803011,鸿学院短线交流群,24832362572@chatroom,"> 目标是人机好猎手的苟活天命(youlian494847) 12-24 17:16:39
> 虽然我也讨厌，我被骗了很多年，我恼羞成怒ing
谁骗你了"
2025-12-24 17:19:19,周靖,wxid_euc4z13ova5321,鸿学院短线交流群,24832362572@chatroom,TMD老美和小日这几十年天天暗戳戳的蛐蛐老中，明里暗里阴损，这是个正常人能忍的事？
2025-12-24 17:19:49,目标是人机好猎手的苟活天命,youlian494847,鸿学院短线交流群,24832362572@chatroom,"> 我不吃肉_🥩(wxid_1780167803011) 12-24 17:16:52
> > [引用]
> 谁骗你了
日本鬼子和公知的宣传口"
2025-12-24 17:23:51,陈蕊,wxid_e1ucnjs4f4z622,鸿学院短线交流群,24832362572@chatroom,"> 目标是人机好猎手的苟活天命(youlian494847) 12-24 17:16:20
> > [引用]
> 你咋了
民族仇恨，那个抗日片看多了，很难喜欢日本"
2025-12-24 17:24:46,目标是人机好猎手的苟活天命,youlian494847,鸿学院短线交流群,24832362572@chatroom,"> 陈蕊(wxid_e1ucnjs4f4z622) 12-24 17:23:51
> > [引用]
> 民族仇恨，那个抗日片看多了，很难喜欢日本
哦哦，懂，我从小看日漫长大的=-="
2025-12-24 17:25:22,努力学习的阿呆,wxid_cu9riocf8ea022,鸿学院短线交流群,24832362572@chatroom,从小的爱国教育很难不恨日本啊
2025-12-24 17:25:48,陈蕊,wxid_e1ucnjs4f4z622,鸿学院短线交流群,24832362572@chatroom,看日漫的一般不恨日本的
2025-12-24 17:25:50,目标是人机好猎手的苟活天命,youlian494847,鸿学院短线交流群,24832362572@chatroom,[捂脸]但以前日本是我第二故乡，有那种认贼作父的感觉了
2025-12-24 17:26:20,目标是人机好猎手的苟活天命,youlian494847,鸿学院短线交流群,24832362572@chatroom,"> 陈蕊(wxid_e1ucnjs4f4z622) 12-24 17:25:48
> 看日漫的一般不恨日本的
对，所以二刺猿很割裂"
2025-12-24 17:27:13,，健,wxid_l8xh4adyc3vc22,鸿学院短线交流群,24832362572@chatroom,我现在也喜欢看一些日漫，但是不改变对日本态度[吃瓜]
